prompt_idx,prompt,u,length,unique_ratio,entropy,repetition,self_bleu,embedding_sim
0,"related to violence and destruction, not only in the pragmatic world, such as",0.0,95.0,0.36842105263157887,3.3203766114451114,0.02105263157894737,1.0,0.9999998807907104
0,"related to violence and destruction, not only in the pragmatic world, such as",0.05,95.0,0.43157894736842106,3.467301055004687,0.02105263157894737,1.0,1.0000003576278687
0,"related to violence and destruction, not only in the pragmatic world, such as",0.1,95.0,0.33684210526315794,3.1398295126738054,0.02105263157894737,1.0,1.0000001192092896
0,"related to violence and destruction, not only in the pragmatic world, such as",0.15,95.0,0.41052631578947374,3.3590234016583898,0.010526315789473686,1.0,0.9999998807907104
0,"related to violence and destruction, not only in the pragmatic world, such as",0.2,95.0,0.631578947368421,3.8640470591333163,0.031578947368421054,1.0,1.0000005960464478
0,"related to violence and destruction, not only in the pragmatic world, such as",0.25,95.0,0.5263157894736843,3.718426642560034,0.02105263157894737,1.0,0.9999999403953552
0,"related to violence and destruction, not only in the pragmatic world, such as",0.3,95.0,0.5473684210526316,3.653819831430708,0.010526315789473686,1.0,1.000000238418579
0,"related to violence and destruction, not only in the pragmatic world, such as",0.35,95.0,0.5473684210526316,3.6629045284555004,0.031578947368421054,1.0,1.000000238418579
0,"related to violence and destruction, not only in the pragmatic world, such as",0.4,95.0,0.7263157894736842,4.0385461100364815,0.0,1.0,1.0000001192092896
0,"related to violence and destruction, not only in the pragmatic world, such as",0.45,95.0,0.7157894736842106,4.000159437289124,0.010526315789473686,1.0,0.9999997615814209
0,"related to violence and destruction, not only in the pragmatic world, such as",0.5,95.0,0.7157894736842106,4.041394284821207,0.0,1.0,1.0
0,"related to violence and destruction, not only in the pragmatic world, such as",0.55,94.0,0.7978723404255318,4.186659290715822,0.021276595744680847,1.0,1.000000238418579
0,"related to violence and destruction, not only in the pragmatic world, such as",0.6,94.0,0.7553191489361702,4.1460307267821115,0.021276595744680847,1.0,0.9999998211860657
0,"related to violence and destruction, not only in the pragmatic world, such as",0.65,95.0,0.705263157894737,4.04732550141141,0.0,1.0,1.0000003576278687
0,"related to violence and destruction, not only in the pragmatic world, such as",0.7,94.0,0.8191489361702129,4.193152638355604,0.0,1.0,1.0000003576278687
0,"related to violence and destruction, not only in the pragmatic world, such as",0.75,95.0,0.8631578947368421,4.317736035630712,0.0,1.0,1.0
0,"related to violence and destruction, not only in the pragmatic world, such as",0.8,95.0,0.873684210526316,4.358665577512928,0.0,1.0,0.9999999403953552
0,"related to violence and destruction, not only in the pragmatic world, such as",0.85,93.0,0.8924731182795697,4.3630028682491355,0.0,1.0,0.9999998807907104
0,"related to violence and destruction, not only in the pragmatic world, such as",0.9,95.0,0.9789473684210528,4.524691747155913,0.0,1.0,0.9999995827674866
0,"related to violence and destruction, not only in the pragmatic world, such as",0.95,96.0,0.9791666666666667,4.535467058944505,0.0,1.0,1.0000001192092896
0,"related to violence and destruction, not only in the pragmatic world, such as",1.0,96.0,0.8958333333333333,4.388429401127686,0.0,1.0,0.9999998807907104
1,of reflectance over all solar angles in a given period. The temporal resolution may range from seconds (as obtained fro,0.0,103.0,0.28155339805825247,3.131214140403552,0.0,1.0,0.9999998211860657
1,of reflectance over all solar angles in a given period. The temporal resolution may range from seconds (as obtained fro,0.05,103.0,0.3786407766990292,3.262087207892242,0.009708737864077669,1.0,0.9999999403953552
1,of reflectance over all solar angles in a given period. The temporal resolution may range from seconds (as obtained fro,0.1,103.0,0.38834951456310673,3.326022785177578,0.0,1.0,0.9999996423721313
1,of reflectance over all solar angles in a given period. The temporal resolution may range from seconds (as obtained fro,0.15,103.0,0.4368932038834951,3.4642261383884687,0.009708737864077669,1.0,1.0000003576278687
1,of reflectance over all solar angles in a given period. The temporal resolution may range from seconds (as obtained fro,0.2,103.0,0.5825242718446602,3.8552534534622493,0.009708737864077669,1.0,1.000000238418579
1,of reflectance over all solar angles in a given period. The temporal resolution may range from seconds (as obtained fro,0.25,103.0,0.4660194174757281,3.6611715350570315,0.009708737864077669,1.0,0.9999999403953552
1,of reflectance over all solar angles in a given period. The temporal resolution may range from seconds (as obtained fro,0.3,103.0,0.6310679611650485,3.9137520970282913,0.019417475728155338,1.0,1.0000004768371582
1,of reflectance over all solar angles in a given period. The temporal resolution may range from seconds (as obtained fro,0.35,103.0,0.5436893203883495,3.845347238710513,0.019417475728155338,1.0,1.0000001192092896
1,of reflectance over all solar angles in a given period. The temporal resolution may range from seconds (as obtained fro,0.4,103.0,0.679611650485437,4.086766384009376,0.009708737864077669,1.0,1.0000001192092896
1,of reflectance over all solar angles in a given period. The temporal resolution may range from seconds (as obtained fro,0.45,103.0,0.7184466019417477,4.028305058900893,0.009708737864077669,1.0,1.0000001192092896
1,of reflectance over all solar angles in a given period. The temporal resolution may range from seconds (as obtained fro,0.5,103.0,0.796116504854369,4.316525895124106,0.0,1.0,1.0
1,of reflectance over all solar angles in a given period. The temporal resolution may range from seconds (as obtained fro,0.55,103.0,0.8737864077669902,4.436140470334418,0.0,1.0,0.9999998807907104
1,of reflectance over all solar angles in a given period. The temporal resolution may range from seconds (as obtained fro,0.6,103.0,0.7864077669902911,4.269724204199756,0.0,1.0,1.0
1,of reflectance over all solar angles in a given period. The temporal resolution may range from seconds (as obtained fro,0.65,103.0,0.7864077669902911,4.2368798993417025,0.0,1.0,1.000000238418579
1,of reflectance over all solar angles in a given period. The temporal resolution may range from seconds (as obtained fro,0.7,101.0,0.9207920792079209,4.500134348200432,0.009900990099009903,1.0,0.9999998211860657
1,of reflectance over all solar angles in a given period. The temporal resolution may range from seconds (as obtained fro,0.75,102.0,0.9705882352941174,4.584199449721921,0.0,1.0,1.000000238418579
1,of reflectance over all solar angles in a given period. The temporal resolution may range from seconds (as obtained fro,0.8,103.0,0.9805825242718449,4.607810651120512,0.0,1.0,0.9999999403953552
1,of reflectance over all solar angles in a given period. The temporal resolution may range from seconds (as obtained fro,0.85,102.0,0.980392156862745,4.59779057090937,0.0,1.0,1.000000238418579
1,of reflectance over all solar angles in a given period. The temporal resolution may range from seconds (as obtained fro,0.9,103.0,1.0,4.634728988229636,0.0,1.0,1.000000238418579
1,of reflectance over all solar angles in a given period. The temporal resolution may range from seconds (as obtained fro,0.95,103.0,1.0,4.634728988229636,0.0,1.0,1.000000238418579
1,of reflectance over all solar angles in a given period. The temporal resolution may range from seconds (as obtained fro,1.0,111.0,0.9729729729729728,4.672062786146935,0.0,1.0,0.9999999403953552
2,glish writers. The Roman form is used in most printed material; it consists of a small loop with an arc ove,0.0,104.0,0.29807692307692313,3.2938049889513907,0.0,1.0,1.0000001192092896
2,glish writers. The Roman form is used in most printed material; it consists of a small loop with an arc ove,0.05,104.0,0.41346153846153844,3.3587460635478417,0.0,1.0,1.0000001192092896
2,glish writers. The Roman form is used in most printed material; it consists of a small loop with an arc ove,0.1,104.0,0.3653846153846153,3.2180473284831885,0.0,1.0,1.0000001192092896
2,glish writers. The Roman form is used in most printed material; it consists of a small loop with an arc ove,0.15,104.0,0.47115384615384626,3.660764104633428,0.009615384615384614,1.0,1.0
2,glish writers. The Roman form is used in most printed material; it consists of a small loop with an arc ove,0.2,103.0,0.5242718446601943,3.72080795429232,0.0,1.0,0.9999998807907104
2,glish writers. The Roman form is used in most printed material; it consists of a small loop with an arc ove,0.25,104.0,0.6153846153846153,3.85772200251751,0.009615384615384614,1.0,0.9999998807907104
2,glish writers. The Roman form is used in most printed material; it consists of a small loop with an arc ove,0.3,104.0,0.5865384615384616,3.843418906163019,0.057692307692307696,1.0,0.9999999403953552
2,glish writers. The Roman form is used in most printed material; it consists of a small loop with an arc ove,0.35,104.0,0.6442307692307694,3.9710013295131326,0.009615384615384614,1.0,1.000000238418579
2,glish writers. The Roman form is used in most printed material; it consists of a small loop with an arc ove,0.4,104.0,0.6346153846153847,3.9415255824577455,0.01923076923076923,1.0,1.0000001192092896
2,glish writers. The Roman form is used in most printed material; it consists of a small loop with an arc ove,0.45,104.0,0.7019230769230769,4.096107063794361,0.0,1.0,1.0000003576278687
2,glish writers. The Roman form is used in most printed material; it consists of a small loop with an arc ove,0.5,104.0,0.7307692307692306,4.186985804069588,0.0,1.0,1.0
2,glish writers. The Roman form is used in most printed material; it consists of a small loop with an arc ove,0.55,103.0,0.7864077669902911,4.286308547591771,0.0,1.0,1.000000238418579
2,glish writers. The Roman form is used in most printed material; it consists of a small loop with an arc ove,0.6,104.0,0.7692307692307694,4.258665803582701,0.0,1.0,0.9999999403953552
2,glish writers. The Roman form is used in most printed material; it consists of a small loop with an arc ove,0.65,104.0,0.8269230769230769,4.362036542192013,0.0,1.0,1.0000003576278687
2,glish writers. The Roman form is used in most printed material; it consists of a small loop with an arc ove,0.7,104.0,0.8365384615384615,4.392628929354248,0.0,1.0,1.0000001192092896
2,glish writers. The Roman form is used in most printed material; it consists of a small loop with an arc ove,0.75,105.0,1.0,4.653960350157523,0.0,1.0,1.0000003576278687
2,glish writers. The Roman form is used in most printed material; it consists of a small loop with an arc ove,0.8,104.0,1.0,4.644390899141372,0.0,1.0,0.9999998807907104
2,glish writers. The Roman form is used in most printed material; it consists of a small loop with an arc ove,0.85,106.0,0.9811320754716982,4.637282596732447,0.009433962264150943,1.0,1.0000004768371582
2,glish writers. The Roman form is used in most printed material; it consists of a small loop with an arc ove,0.9,106.0,0.9905660377358491,4.650360845422258,0.0,1.0,0.9999998807907104
2,glish writers. The Roman form is used in most printed material; it consists of a small loop with an arc ove,0.95,105.0,0.9904761904761905,4.640757546718288,0.0,1.0,0.9999999403953552
2,glish writers. The Roman form is used in most printed material; it consists of a small loop with an arc ove,1.0,116.0,0.9568965517241381,4.689325363956672,0.0,1.0,1.0
3,ted States Supreme Court cases of Baker v. Carr (1962) and Reynolds v. Sims,0.0,99.0,0.2121212121212121,2.786143000106014,0.0,1.0,0.9999999403953552
3,ted States Supreme Court cases of Baker v. Carr (1962) and Reynolds v. Sims,0.05,99.0,0.3535353535353536,3.2584861835954344,0.0,1.0,1.0000003576278687
3,ted States Supreme Court cases of Baker v. Carr (1962) and Reynolds v. Sims,0.1,99.0,0.4545454545454546,3.5635063182759525,0.010101010101010104,1.0,1.0
3,ted States Supreme Court cases of Baker v. Carr (1962) and Reynolds v. Sims,0.15,99.0,0.4545454545454546,3.537898377976229,0.010101010101010104,1.0,1.0000001192092896
3,ted States Supreme Court cases of Baker v. Carr (1962) and Reynolds v. Sims,0.2,99.0,0.4646464646464647,3.6510240547413604,0.0,1.0,1.0000001192092896
3,ted States Supreme Court cases of Baker v. Carr (1962) and Reynolds v. Sims,0.25,99.0,0.6565656565656568,3.98574151969522,0.010101010101010104,1.0,1.000000238418579
3,ted States Supreme Court cases of Baker v. Carr (1962) and Reynolds v. Sims,0.3,99.0,0.6262626262626263,3.9387402349438347,0.0,1.0,1.0
3,ted States Supreme Court cases of Baker v. Carr (1962) and Reynolds v. Sims,0.35,99.0,0.585858585858586,3.8939982178942536,0.0,1.0,1.0000001192092896
3,ted States Supreme Court cases of Baker v. Carr (1962) and Reynolds v. Sims,0.4,99.0,0.606060606060606,3.833854813984029,0.0,1.0,0.9999998807907104
3,ted States Supreme Court cases of Baker v. Carr (1962) and Reynolds v. Sims,0.45,99.0,0.696969696969697,4.091193668973146,0.0,1.0,1.000000238418579
3,ted States Supreme Court cases of Baker v. Carr (1962) and Reynolds v. Sims,0.5,99.0,0.7373737373737372,4.119898822420437,0.0,1.0,1.0000005960464478
3,ted States Supreme Court cases of Baker v. Carr (1962) and Reynolds v. Sims,0.55,99.0,0.6565656565656568,3.909042904670495,0.0,1.0,1.0000001192092896
3,ted States Supreme Court cases of Baker v. Carr (1962) and Reynolds v. Sims,0.6,99.0,0.7676767676767677,4.184628354358165,0.0,1.0,1.0000001192092896
3,ted States Supreme Court cases of Baker v. Carr (1962) and Reynolds v. Sims,0.65,99.0,0.8080808080808082,4.239648070910692,0.0,1.0,0.9999997019767761
3,ted States Supreme Court cases of Baker v. Carr (1962) and Reynolds v. Sims,0.7,99.0,0.7878787878787877,4.195199023929164,0.010101010101010104,1.0,1.0000001192092896
3,ted States Supreme Court cases of Baker v. Carr (1962) and Reynolds v. Sims,0.75,99.0,0.8181818181818181,4.278517657239037,0.0,1.0,1.0
3,ted States Supreme Court cases of Baker v. Carr (1962) and Reynolds v. Sims,0.8,99.0,0.9393939393939394,4.50581667528122,0.0,1.0,1.000000238418579
3,ted States Supreme Court cases of Baker v. Carr (1962) and Reynolds v. Sims,0.85,99.0,0.9191919191919193,4.472525393806425,0.0,1.0,1.000000238418579
3,ted States Supreme Court cases of Baker v. Carr (1962) and Reynolds v. Sims,0.9,99.0,0.8686868686868687,4.357250162521409,0.0,1.0,1.0000004768371582
3,ted States Supreme Court cases of Baker v. Carr (1962) and Reynolds v. Sims,0.95,104.0,0.9711538461538461,4.604401638724452,0.009615384615384614,1.0,0.9999999403953552
3,ted States Supreme Court cases of Baker v. Carr (1962) and Reynolds v. Sims,1.0,110.0,0.9454545454545455,4.624864309731331,0.0,1.0,1.0
4,"Gentili and Giuseppe Paione. Rome: Edizione dell'Ateneo e Bizzarri.  Anthony Edwards (1985a), ""Achilles in the Underworld: Iliad, Odyssey, and Æthiopis"". Greek, Roman, and Byzantine Studie",0.0,144.0,0.611111111111111,4.234752902437011,0.01388888888888889,1.0,0.9999999403953552
4,"Gentili and Giuseppe Paione. Rome: Edizione dell'Ateneo e Bizzarri.  Anthony Edwards (1985a), ""Achilles in the Underworld: Iliad, Odyssey, and Æthiopis"". Greek, Roman, and Byzantine Studie",0.05,144.0,0.5277777777777779,3.9731485726054934,0.034722222222222224,1.0,1.0
4,"Gentili and Giuseppe Paione. Rome: Edizione dell'Ateneo e Bizzarri.  Anthony Edwards (1985a), ""Achilles in the Underworld: Iliad, Odyssey, and Æthiopis"". Greek, Roman, and Byzantine Studie",0.1,144.0,0.4930555555555555,3.803663600248261,0.04166666666666666,1.0,1.0000001192092896
4,"Gentili and Giuseppe Paione. Rome: Edizione dell'Ateneo e Bizzarri.  Anthony Edwards (1985a), ""Achilles in the Underworld: Iliad, Odyssey, and Æthiopis"". Greek, Roman, and Byzantine Studie",0.15,144.0,0.5347222222222221,4.099201083499469,0.006944444444444445,1.0,1.0000001192092896
4,"Gentili and Giuseppe Paione. Rome: Edizione dell'Ateneo e Bizzarri.  Anthony Edwards (1985a), ""Achilles in the Underworld: Iliad, Odyssey, and Æthiopis"". Greek, Roman, and Byzantine Studie",0.2,144.0,0.6041666666666665,4.180463513290574,0.0,1.0,1.0000003576278687
4,"Gentili and Giuseppe Paione. Rome: Edizione dell'Ateneo e Bizzarri.  Anthony Edwards (1985a), ""Achilles in the Underworld: Iliad, Odyssey, and Æthiopis"". Greek, Roman, and Byzantine Studie",0.25,141.0,0.4751773049645391,3.828719326732565,0.0,1.0,1.0000001192092896
4,"Gentili and Giuseppe Paione. Rome: Edizione dell'Ateneo e Bizzarri.  Anthony Edwards (1985a), ""Achilles in the Underworld: Iliad, Odyssey, and Æthiopis"". Greek, Roman, and Byzantine Studie",0.3,144.0,0.6805555555555556,4.339396483214439,0.01388888888888889,1.0,0.9999998211860657
4,"Gentili and Giuseppe Paione. Rome: Edizione dell'Ateneo e Bizzarri.  Anthony Edwards (1985a), ""Achilles in the Underworld: Iliad, Odyssey, and Æthiopis"". Greek, Roman, and Byzantine Studie",0.35,144.0,0.6458333333333335,4.138278693447985,0.0,1.0,1.000000238418579
4,"Gentili and Giuseppe Paione. Rome: Edizione dell'Ateneo e Bizzarri.  Anthony Edwards (1985a), ""Achilles in the Underworld: Iliad, Odyssey, and Æthiopis"". Greek, Roman, and Byzantine Studie",0.4,143.0,0.6783216783216783,4.320190202890926,0.006993006993006995,1.0,1.000000238418579
4,"Gentili and Giuseppe Paione. Rome: Edizione dell'Ateneo e Bizzarri.  Anthony Edwards (1985a), ""Achilles in the Underworld: Iliad, Odyssey, and Æthiopis"". Greek, Roman, and Byzantine Studie",0.45,144.0,0.7430555555555556,4.500189127626084,0.0,1.0,1.0000001192092896
4,"Gentili and Giuseppe Paione. Rome: Edizione dell'Ateneo e Bizzarri.  Anthony Edwards (1985a), ""Achilles in the Underworld: Iliad, Odyssey, and Æthiopis"". Greek, Roman, and Byzantine Studie",0.5,144.0,0.7569444444444444,4.545554442457431,0.0,1.0,1.0000004768371582
4,"Gentili and Giuseppe Paione. Rome: Edizione dell'Ateneo e Bizzarri.  Anthony Edwards (1985a), ""Achilles in the Underworld: Iliad, Odyssey, and Æthiopis"". Greek, Roman, and Byzantine Studie",0.55,141.0,0.7659574468085106,4.5080388004307705,0.0,1.0,1.0
4,"Gentili and Giuseppe Paione. Rome: Edizione dell'Ateneo e Bizzarri.  Anthony Edwards (1985a), ""Achilles in the Underworld: Iliad, Odyssey, and Æthiopis"". Greek, Roman, and Byzantine Studie",0.6,145.0,0.8482758620689654,4.7228056522681765,0.013793103448275862,1.0,1.0000001192092896
4,"Gentili and Giuseppe Paione. Rome: Edizione dell'Ateneo e Bizzarri.  Anthony Edwards (1985a), ""Achilles in the Underworld: Iliad, Odyssey, and Æthiopis"". Greek, Roman, and Byzantine Studie",0.65,144.0,0.7847222222222221,4.6197303823624765,0.006944444444444445,1.0,1.0000001192092896
4,"Gentili and Giuseppe Paione. Rome: Edizione dell'Ateneo e Bizzarri.  Anthony Edwards (1985a), ""Achilles in the Underworld: Iliad, Odyssey, and Æthiopis"". Greek, Roman, and Byzantine Studie",0.7,145.0,0.7724137931034483,4.590034803631892,0.006896551724137931,1.0,0.9999997615814209
4,"Gentili and Giuseppe Paione. Rome: Edizione dell'Ateneo e Bizzarri.  Anthony Edwards (1985a), ""Achilles in the Underworld: Iliad, Odyssey, and Æthiopis"". Greek, Roman, and Byzantine Studie",0.75,141.0,0.9007092198581562,4.793859807368758,0.007092198581560284,1.0,0.9999998807907104
4,"Gentili and Giuseppe Paione. Rome: Edizione dell'Ateneo e Bizzarri.  Anthony Edwards (1985a), ""Achilles in the Underworld: Iliad, Odyssey, and Æthiopis"". Greek, Roman, and Byzantine Studie",0.8,144.0,0.9097222222222221,4.831401013468759,0.0,1.0,1.000000238418579
4,"Gentili and Giuseppe Paione. Rome: Edizione dell'Ateneo e Bizzarri.  Anthony Edwards (1985a), ""Achilles in the Underworld: Iliad, Odyssey, and Æthiopis"". Greek, Roman, and Byzantine Studie",0.85,144.0,0.9305555555555557,4.860282145992089,0.0,1.0,1.0000001192092896
4,"Gentili and Giuseppe Paione. Rome: Edizione dell'Ateneo e Bizzarri.  Anthony Edwards (1985a), ""Achilles in the Underworld: Iliad, Odyssey, and Æthiopis"". Greek, Roman, and Byzantine Studie",0.9,144.0,0.9305555555555557,4.860282145992089,0.0,1.0,1.0000003576278687
4,"Gentili and Giuseppe Paione. Rome: Edizione dell'Ateneo e Bizzarri.  Anthony Edwards (1985a), ""Achilles in the Underworld: Iliad, Odyssey, and Æthiopis"". Greek, Roman, and Byzantine Studie",0.95,147.0,0.9319727891156464,4.883136762859803,0.0,1.0,0.9999998807907104
4,"Gentili and Giuseppe Paione. Rome: Edizione dell'Ateneo e Bizzarri.  Anthony Edwards (1985a), ""Achilles in the Underworld: Iliad, Odyssey, and Æthiopis"". Greek, Roman, and Byzantine Studie",1.0,146.0,0.8904109589041095,4.818604893743935,0.0,1.0,0.9999997615814209
5,"rt committed her for a time to an asylum in 1875.  Early career and militia service  During 1831 and 1832, Lincoln worked at a general store in New Salem, Ill",0.0,118.0,0.364406779661017,3.301393839873667,0.0,1.0,1.000000238418579
5,"rt committed her for a time to an asylum in 1875.  Early career and militia service  During 1831 and 1832, Lincoln worked at a general store in New Salem, Ill",0.05,118.0,0.364406779661017,3.301393839873667,0.0,1.0,1.000000238418579
5,"rt committed her for a time to an asylum in 1875.  Early career and militia service  During 1831 and 1832, Lincoln worked at a general store in New Salem, Ill",0.1,118.0,0.364406779661017,3.301393839873667,0.0,1.0,1.000000238418579
5,"rt committed her for a time to an asylum in 1875.  Early career and militia service  During 1831 and 1832, Lincoln worked at a general store in New Salem, Ill",0.15,118.0,0.38135593220338987,3.5024553154027815,0.0,1.0,1.0
5,"rt committed her for a time to an asylum in 1875.  Early career and militia service  During 1831 and 1832, Lincoln worked at a general store in New Salem, Ill",0.2,118.0,0.3559322033898305,3.3819829202657132,0.0,1.0,1.0000001192092896
5,"rt committed her for a time to an asylum in 1875.  Early career and militia service  During 1831 and 1832, Lincoln worked at a general store in New Salem, Ill",0.25,118.0,0.5593220338983049,3.8912888146831177,0.0,1.0,1.0
5,"rt committed her for a time to an asylum in 1875.  Early career and militia service  During 1831 and 1832, Lincoln worked at a general store in New Salem, Ill",0.3,118.0,0.5593220338983049,3.9186330129624585,0.0,1.0,0.9999997019767761
5,"rt committed her for a time to an asylum in 1875.  Early career and militia service  During 1831 and 1832, Lincoln worked at a general store in New Salem, Ill",0.35,118.0,0.5847457627118645,4.006137539889433,0.0,1.0,1.000000238418579
5,"rt committed her for a time to an asylum in 1875.  Early career and militia service  During 1831 and 1832, Lincoln worked at a general store in New Salem, Ill",0.4,118.0,0.6355932203389829,4.070732174840151,0.0,1.0,0.9999997615814209
5,"rt committed her for a time to an asylum in 1875.  Early career and militia service  During 1831 and 1832, Lincoln worked at a general store in New Salem, Ill",0.45,118.0,0.576271186440678,3.955694361778145,0.0,1.0,1.0000004768371582
5,"rt committed her for a time to an asylum in 1875.  Early career and militia service  During 1831 and 1832, Lincoln worked at a general store in New Salem, Ill",0.5,118.0,0.5677966101694916,4.029879851406184,0.0,1.0,1.0000001192092896
5,"rt committed her for a time to an asylum in 1875.  Early career and militia service  During 1831 and 1832, Lincoln worked at a general store in New Salem, Ill",0.55,118.0,0.6949152542372883,4.207260837718911,0.0,1.0,0.9999999403953552
5,"rt committed her for a time to an asylum in 1875.  Early career and militia service  During 1831 and 1832, Lincoln worked at a general store in New Salem, Ill",0.6,118.0,0.8135593220338982,4.458654344193652,0.008474576271186442,1.0,1.0000004768371582
5,"rt committed her for a time to an asylum in 1875.  Early career and militia service  During 1831 and 1832, Lincoln worked at a general store in New Salem, Ill",0.65,118.0,0.7033898305084745,4.261567817903954,0.0,1.0,0.9999997615814209
5,"rt committed her for a time to an asylum in 1875.  Early career and militia service  During 1831 and 1832, Lincoln worked at a general store in New Salem, Ill",0.7,118.0,0.788135593220339,4.421116550228325,0.008474576271186442,1.0,1.000000238418579
5,"rt committed her for a time to an asylum in 1875.  Early career and militia service  During 1831 and 1832, Lincoln worked at a general store in New Salem, Ill",0.75,117.0,0.7777777777777779,4.3911376373267625,0.0,1.0,1.000000238418579
5,"rt committed her for a time to an asylum in 1875.  Early career and militia service  During 1831 and 1832, Lincoln worked at a general store in New Salem, Ill",0.8,118.0,0.9152542372881355,4.6443334388832245,0.0,1.0,1.0000001192092896
5,"rt committed her for a time to an asylum in 1875.  Early career and militia service  During 1831 and 1832, Lincoln worked at a general store in New Salem, Ill",0.85,117.0,0.905982905982906,4.6155176914028555,0.0,1.0,1.0000001192092896
5,"rt committed her for a time to an asylum in 1875.  Early career and militia service  During 1831 and 1832, Lincoln worked at a general store in New Salem, Ill",0.9,121.0,0.933884297520661,4.699810355243653,0.0,1.0,1.0000003576278687
5,"rt committed her for a time to an asylum in 1875.  Early career and militia service  During 1831 and 1832, Lincoln worked at a general store in New Salem, Ill",0.95,119.0,0.9327731092436975,4.681530190315531,0.0,1.0,1.0
5,"rt committed her for a time to an asylum in 1875.  Early career and militia service  During 1831 and 1832, Lincoln worked at a general store in New Salem, Ill",1.0,126.0,0.8968253968253966,4.6692415342847,0.0,1.0,0.9999998807907104
6,the Early Church and the scholastic tradition of the Cat,0.0,92.0,0.3695652173913044,3.2159672373402244,0.021739130434782605,1.0,1.0
6,the Early Church and the scholastic tradition of the Cat,0.05,92.0,0.3369565217391305,3.2117155597481877,0.03260869565217392,1.0,1.000000238418579
6,the Early Church and the scholastic tradition of the Cat,0.1,92.0,0.391304347826087,3.3548599749635444,0.010869565217391302,1.0,0.9999999403953552
6,the Early Church and the scholastic tradition of the Cat,0.15,92.0,0.4021739130434783,3.25949236420131,0.010869565217391302,1.0,0.9999998211860657
6,the Early Church and the scholastic tradition of the Cat,0.2,92.0,0.6521739130434783,3.8619139007512886,0.021739130434782605,1.0,1.0
6,the Early Church and the scholastic tradition of the Cat,0.25,92.0,0.4782608695652173,3.4758237831296697,0.010869565217391302,1.0,1.000000238418579
6,the Early Church and the scholastic tradition of the Cat,0.3,92.0,0.6195652173913044,3.761633253836456,0.0,1.0,0.9999998807907104
6,the Early Church and the scholastic tradition of the Cat,0.35,91.0,0.6483516483516483,3.8171540163647877,0.0,1.0,0.9999999403953552
6,the Early Church and the scholastic tradition of the Cat,0.4,92.0,0.6956521739130433,3.966151204302457,0.0,1.0,1.0000001192092896
6,the Early Church and the scholastic tradition of the Cat,0.45,92.0,0.6195652173913044,3.8678645798895124,0.0,1.0,1.0000001192092896
6,the Early Church and the scholastic tradition of the Cat,0.5,92.0,0.7608695652173912,4.112194889120206,0.0,1.0,1.0000001192092896
6,the Early Church and the scholastic tradition of the Cat,0.55,92.0,0.8804347826086957,4.329592613777651,0.0,1.0,1.000000238418579
6,the Early Church and the scholastic tradition of the Cat,0.6,92.0,0.7934782608695651,4.1583471675738455,0.0,1.0,1.0000001192092896
6,the Early Church and the scholastic tradition of the Cat,0.65,92.0,0.8043478260869567,4.196917911108844,0.0,1.0,0.9999998211860657
6,the Early Church and the scholastic tradition of the Cat,0.7,92.0,0.826086956521739,4.221367265222708,0.0,1.0,1.0
6,the Early Church and the scholastic tradition of the Cat,0.75,92.0,0.8586956521739133,4.303149237161902,0.0,1.0,1.0000001192092896
6,the Early Church and the scholastic tradition of the Cat,0.8,90.0,0.9444444444444441,4.422793316934717,0.01111111111111111,1.0,1.0
6,the Early Church and the scholastic tradition of the Cat,0.85,91.0,0.989010989010989,4.495625502548501,0.0,1.0,1.000000238418579
6,the Early Church and the scholastic tradition of the Cat,0.9,91.0,0.9780219780219779,4.480391498580149,0.0,1.0,1.0000005960464478
6,the Early Church and the scholastic tradition of the Cat,0.95,96.0,0.9791666666666667,4.535467058944505,0.0,1.0,1.0000001192092896
6,the Early Church and the scholastic tradition of the Cat,1.0,108.0,0.9166666666666667,4.531244798792292,0.0,1.0,1.000000238418579
7,"during the war, to urge Ravel to tour the U.S. Schmitz was the head of Pro Musica, promoting Franco-Ameri",0.0,112.0,0.3303571428571429,3.0972128798912806,0.008928571428571428,1.0,0.9999999403953552
7,"during the war, to urge Ravel to tour the U.S. Schmitz was the head of Pro Musica, promoting Franco-Ameri",0.05,112.0,0.42857142857142855,3.6097201222825297,0.017857142857142856,1.0,1.0
7,"during the war, to urge Ravel to tour the U.S. Schmitz was the head of Pro Musica, promoting Franco-Ameri",0.1,112.0,0.5535714285714286,3.8925086597722305,0.008928571428571428,1.0,1.000000238418579
7,"during the war, to urge Ravel to tour the U.S. Schmitz was the head of Pro Musica, promoting Franco-Ameri",0.15,112.0,0.5178571428571428,3.7291272975336036,0.008928571428571428,1.0,0.9999997615814209
7,"during the war, to urge Ravel to tour the U.S. Schmitz was the head of Pro Musica, promoting Franco-Ameri",0.2,112.0,0.5089285714285714,3.7117750594481542,0.008928571428571428,1.0,0.9999997615814209
7,"during the war, to urge Ravel to tour the U.S. Schmitz was the head of Pro Musica, promoting Franco-Ameri",0.25,112.0,0.5803571428571428,3.9166886325667205,0.008928571428571428,1.0,1.0000004768371582
7,"during the war, to urge Ravel to tour the U.S. Schmitz was the head of Pro Musica, promoting Franco-Ameri",0.3,112.0,0.6071428571428572,3.9962015439929788,0.0,1.0,1.0000001192092896
7,"during the war, to urge Ravel to tour the U.S. Schmitz was the head of Pro Musica, promoting Franco-Ameri",0.35,112.0,0.6964285714285714,4.141180220441283,0.0,1.0,1.0000001192092896
7,"during the war, to urge Ravel to tour the U.S. Schmitz was the head of Pro Musica, promoting Franco-Ameri",0.4,112.0,0.7142857142857142,4.161263618463382,0.0,1.0,1.0000001192092896
7,"during the war, to urge Ravel to tour the U.S. Schmitz was the head of Pro Musica, promoting Franco-Ameri",0.45,112.0,0.6428571428571428,4.084123804401087,0.017857142857142856,1.0,0.9999999403953552
7,"during the war, to urge Ravel to tour the U.S. Schmitz was the head of Pro Musica, promoting Franco-Ameri",0.5,111.0,0.6756756756756757,4.089080756423186,0.0,1.0,1.0
7,"during the war, to urge Ravel to tour the U.S. Schmitz was the head of Pro Musica, promoting Franco-Ameri",0.55,112.0,0.7589285714285714,4.3014713385262535,0.008928571428571428,1.0,1.0
7,"during the war, to urge Ravel to tour the U.S. Schmitz was the head of Pro Musica, promoting Franco-Ameri",0.6,112.0,0.7678571428571428,4.293765568728436,0.0,1.0,1.0000001192092896
7,"during the war, to urge Ravel to tour the U.S. Schmitz was the head of Pro Musica, promoting Franco-Ameri",0.65,111.0,0.7567567567567567,4.262738300470157,0.0,1.0,0.9999999403953552
7,"during the war, to urge Ravel to tour the U.S. Schmitz was the head of Pro Musica, promoting Franco-Ameri",0.7,112.0,0.7857142857142858,4.342658032794843,0.0,1.0,1.0
7,"during the war, to urge Ravel to tour the U.S. Schmitz was the head of Pro Musica, promoting Franco-Ameri",0.75,111.0,0.8558558558558559,4.477735442905685,0.0,1.0,0.9999997019767761
7,"during the war, to urge Ravel to tour the U.S. Schmitz was the head of Pro Musica, promoting Franco-Ameri",0.8,112.0,0.9017857142857144,4.568329385548555,0.008928571428571428,1.0,1.0
7,"during the war, to urge Ravel to tour the U.S. Schmitz was the head of Pro Musica, promoting Franco-Ameri",0.85,112.0,0.9285714285714285,4.60710021727653,0.0,1.0,1.000000238418579
7,"during the war, to urge Ravel to tour the U.S. Schmitz was the head of Pro Musica, promoting Franco-Ameri",0.9,113.0,0.9469026548672564,4.649148754017792,0.0,1.0,1.0
7,"during the war, to urge Ravel to tour the U.S. Schmitz was the head of Pro Musica, promoting Franco-Ameri",0.95,112.0,0.9553571428571429,4.651938871747204,0.0,1.0,1.0
7,"during the war, to urge Ravel to tour the U.S. Schmitz was the head of Pro Musica, promoting Franco-Ameri",1.0,124.0,0.911290322580645,4.681904303692107,0.0,1.0,1.0
8,"m.  The films below are listed with their production year (for example, the 2000 Academy Award for Best Art Direction is given to a film from 1999). In the lists below, the winner",0.0,119.0,0.3361344537815126,3.6055755351276644,0.01680672268907563,1.0,0.9999998211860657
8,"m.  The films below are listed with their production year (for example, the 2000 Academy Award for Best Art Direction is given to a film from 1999). In the lists below, the winner",0.05,119.0,0.3361344537815126,3.6055755351276644,0.01680672268907563,1.0,0.9999998211860657
8,"m.  The films below are listed with their production year (for example, the 2000 Academy Award for Best Art Direction is given to a film from 1999). In the lists below, the winner",0.1,119.0,0.411764705882353,3.1762883071660277,0.11764705882352941,1.0,1.000000238418579
8,"m.  The films below are listed with their production year (for example, the 2000 Academy Award for Best Art Direction is given to a film from 1999). In the lists below, the winner",0.15,119.0,0.5462184873949579,3.9065358710662963,0.01680672268907563,1.0,1.000000238418579
8,"m.  The films below are listed with their production year (for example, the 2000 Academy Award for Best Art Direction is given to a film from 1999). In the lists below, the winner",0.2,119.0,0.38655462184873957,3.6096026508545433,0.02521008403361345,1.0,0.9999997615814209
8,"m.  The films below are listed with their production year (for example, the 2000 Academy Award for Best Art Direction is given to a film from 1999). In the lists below, the winner",0.25,119.0,0.5630252100840336,3.983062650823303,0.03361344537815126,1.0,1.0000001192092896
8,"m.  The films below are listed with their production year (for example, the 2000 Academy Award for Best Art Direction is given to a film from 1999). In the lists below, the winner",0.3,119.0,0.5798319327731092,3.9894897156264655,0.03361344537815126,1.0,1.0000001192092896
8,"m.  The films below are listed with their production year (for example, the 2000 Academy Award for Best Art Direction is given to a film from 1999). In the lists below, the winner",0.35,119.0,0.47058823529411764,3.7828119890501855,0.008403361344537815,1.0,1.0000003576278687
8,"m.  The films below are listed with their production year (for example, the 2000 Academy Award for Best Art Direction is given to a film from 1999). In the lists below, the winner",0.4,119.0,0.6386554621848738,4.07780050762274,0.0,1.0,1.0000003576278687
8,"m.  The films below are listed with their production year (for example, the 2000 Academy Award for Best Art Direction is given to a film from 1999). In the lists below, the winner",0.45,119.0,0.6386554621848738,4.127010352003692,0.0,1.0,1.0000003576278687
8,"m.  The films below are listed with their production year (for example, the 2000 Academy Award for Best Art Direction is given to a film from 1999). In the lists below, the winner",0.5,119.0,0.6974789915966385,4.245047273695899,0.0,1.0,0.9999998211860657
8,"m.  The films below are listed with their production year (for example, the 2000 Academy Award for Best Art Direction is given to a film from 1999). In the lists below, the winner",0.55,119.0,0.7899159663865547,4.416015159761956,0.0,1.0,0.9999999403953552
8,"m.  The films below are listed with their production year (for example, the 2000 Academy Award for Best Art Direction is given to a film from 1999). In the lists below, the winner",0.6,119.0,0.7142857142857142,4.294972329339297,0.0,1.0,1.0000001192092896
8,"m.  The films below are listed with their production year (for example, the 2000 Academy Award for Best Art Direction is given to a film from 1999). In the lists below, the winner",0.65,119.0,0.7815126050420169,4.409344363557641,0.0,1.0,0.9999999403953552
8,"m.  The films below are listed with their production year (for example, the 2000 Academy Award for Best Art Direction is given to a film from 1999). In the lists below, the winner",0.7,119.0,0.7563025210084036,4.340610554913644,0.0,1.0,0.9999998211860657
8,"m.  The films below are listed with their production year (for example, the 2000 Academy Award for Best Art Direction is given to a film from 1999). In the lists below, the winner",0.75,118.0,0.9067796610169492,4.628150875282509,0.0,1.0,1.0000004768371582
8,"m.  The films below are listed with their production year (for example, the 2000 Academy Award for Best Art Direction is given to a film from 1999). In the lists below, the winner",0.8,120.0,0.9083333333333335,4.656054358481353,0.008333333333333333,1.0,1.0000004768371582
8,"m.  The films below are listed with their production year (for example, the 2000 Academy Award for Best Art Direction is given to a film from 1999). In the lists below, the winner",0.85,119.0,0.9243697478991597,4.665483614644233,0.0,1.0,1.0000001192092896
8,"m.  The films below are listed with their production year (for example, the 2000 Academy Award for Best Art Direction is given to a film from 1999). In the lists below, the winner",0.9,120.0,0.9583333333333333,4.7210086753393075,0.0,1.0,1.0000004768371582
8,"m.  The films below are listed with their production year (for example, the 2000 Academy Award for Best Art Direction is given to a film from 1999). In the lists below, the winner",0.95,119.0,0.9579831932773109,4.716478787654689,0.0,1.0,1.0000001192092896
8,"m.  The films below are listed with their production year (for example, the 2000 Academy Award for Best Art Direction is given to a film from 1999). In the lists below, the winner",1.0,127.0,0.9133858267716534,4.700293399578482,0.0,1.0,0.9999999403953552
9,"ability and historical bans on interracial couples, a nu",0.0,91.0,0.5384615384615384,3.7325689788281706,0.03296703296703297,1.0,1.0
9,"ability and historical bans on interracial couples, a nu",0.05,91.0,0.4395604395604396,3.5649949351763164,0.010989010989010988,1.0,1.0
9,"ability and historical bans on interracial couples, a nu",0.1,91.0,0.5054945054945055,3.690898836597268,0.03296703296703297,1.0,0.9999997615814209
9,"ability and historical bans on interracial couples, a nu",0.15,91.0,0.5494505494505495,3.740016167588623,0.021978021978021976,1.0,1.0000003576278687
9,"ability and historical bans on interracial couples, a nu",0.2,91.0,0.7692307692307694,4.127993472471015,0.021978021978021976,1.0,1.0000001192092896
9,"ability and historical bans on interracial couples, a nu",0.25,91.0,0.6703296703296702,3.9461428592944925,0.010989010989010988,1.0,1.0
9,"ability and historical bans on interracial couples, a nu",0.3,91.0,0.6703296703296702,3.8834887334934316,0.021978021978021976,1.0,1.000000238418579
9,"ability and historical bans on interracial couples, a nu",0.35,91.0,0.6043956043956042,3.86422285985093,0.021978021978021976,1.0,1.0000001192092896
9,"ability and historical bans on interracial couples, a nu",0.4,91.0,0.7032967032967032,3.9851374571540523,0.021978021978021976,1.0,1.0000001192092896
9,"ability and historical bans on interracial couples, a nu",0.45,91.0,0.7362637362637365,4.054796821910019,0.03296703296703297,1.0,1.0000001192092896
9,"ability and historical bans on interracial couples, a nu",0.5,91.0,0.7252747252747251,3.9534993765959667,0.010989010989010988,1.0,1.000000238418579
9,"ability and historical bans on interracial couples, a nu",0.55,91.0,0.8791208791208792,4.3005568202407005,0.010989010989010988,1.0,1.0
9,"ability and historical bans on interracial couples, a nu",0.6,91.0,0.8241758241758242,4.228120845163683,0.0,1.0,1.0000003576278687
9,"ability and historical bans on interracial couples, a nu",0.65,91.0,0.8241758241758242,4.204163492312768,0.010989010989010988,1.0,1.000000238418579
9,"ability and historical bans on interracial couples, a nu",0.7,91.0,0.8901098901098902,4.337535483263187,0.0,1.0,1.0000001192092896
9,"ability and historical bans on interracial couples, a nu",0.75,91.0,0.8461538461538461,4.255615483819627,0.0,1.0,1.0000001192092896
9,"ability and historical bans on interracial couples, a nu",0.8,90.0,0.9111111111111111,4.364955768369285,0.0,1.0,1.0000003576278687
9,"ability and historical bans on interracial couples, a nu",0.85,92.0,0.9565217391304346,4.461514909174264,0.0,1.0,1.000000238418579
9,"ability and historical bans on interracial couples, a nu",0.9,91.0,0.989010989010989,4.495625502548501,0.0,1.0,1.000000238418579
9,"ability and historical bans on interracial couples, a nu",0.95,91.0,1.0,4.510859506516851,0.0,1.0,1.0
9,"ability and historical bans on interracial couples, a nu",1.0,95.0,0.9052631578947368,4.396206771939804,0.0,1.0,1.0
10,nces  External links      as archived 17 February 2009 (Spanish)  1997 films 1997 drama films Catala,0.0,105.0,0.18095238095238092,1.6872525778266485,0.03809523809523809,1.0,1.000000238418579
10,nces  External links      as archived 17 February 2009 (Spanish)  1997 films 1997 drama films Catala,0.05,105.0,0.30476190476190473,2.7377749951765624,0.03809523809523809,1.0,1.0000001192092896
10,nces  External links      as archived 17 February 2009 (Spanish)  1997 films 1997 drama films Catala,0.1,105.0,0.2952380952380952,2.703465843104051,0.03809523809523809,1.0,1.000000238418579
10,nces  External links      as archived 17 February 2009 (Spanish)  1997 films 1997 drama films Catala,0.15,105.0,0.1714285714285714,1.1615704611686106,0.7333333333333332,1.0,0.9999995827674866
10,nces  External links      as archived 17 February 2009 (Spanish)  1997 films 1997 drama films Catala,0.2,105.0,0.36190476190476184,3.462850235113808,0.03809523809523809,1.0,1.0000001192092896
10,nces  External links      as archived 17 February 2009 (Spanish)  1997 films 1997 drama films Catala,0.25,105.0,0.22857142857142856,2.3288019973080574,0.03809523809523809,1.0,1.0000001192092896
10,nces  External links      as archived 17 February 2009 (Spanish)  1997 films 1997 drama films Catala,0.3,105.0,0.5523809523809524,3.9027838782354225,0.05714285714285714,1.0,1.0
10,nces  External links      as archived 17 February 2009 (Spanish)  1997 films 1997 drama films Catala,0.35,105.0,0.7333333333333332,4.055146312412016,0.03809523809523809,1.0,1.0000001192092896
10,nces  External links      as archived 17 February 2009 (Spanish)  1997 films 1997 drama films Catala,0.4,105.0,0.7047619047619047,4.088282378470853,0.03809523809523809,1.0,1.000000238418579
10,nces  External links      as archived 17 February 2009 (Spanish)  1997 films 1997 drama films Catala,0.45,105.0,0.8857142857142858,4.445016186251747,0.03809523809523809,1.0,0.9999997615814209
10,nces  External links      as archived 17 February 2009 (Spanish)  1997 films 1997 drama films Catala,0.5,104.0,0.7884615384615384,4.2627525597171765,0.057692307692307696,1.0,1.0000001192092896
10,nces  External links      as archived 17 February 2009 (Spanish)  1997 films 1997 drama films Catala,0.55,105.0,0.7714285714285716,4.24790961567061,0.03809523809523809,1.0,1.000000238418579
10,nces  External links      as archived 17 February 2009 (Spanish)  1997 films 1997 drama films Catala,0.6,105.0,0.8571428571428571,4.405407775934036,0.04761904761904763,1.0,1.0000003576278687
10,nces  External links      as archived 17 February 2009 (Spanish)  1997 films 1997 drama films Catala,0.65,105.0,0.8857142857142858,4.43181338281251,0.05714285714285714,1.0,1.0000003576278687
10,nces  External links      as archived 17 February 2009 (Spanish)  1997 films 1997 drama films Catala,0.7,104.0,0.9038461538461539,4.460097163681114,0.03846153846153846,1.0,1.000000238418579
10,nces  External links      as archived 17 February 2009 (Spanish)  1997 films 1997 drama films Catala,0.75,105.0,0.9142857142857143,4.484624596569459,0.03809523809523809,1.0,0.9999997615814209
10,nces  External links      as archived 17 February 2009 (Spanish)  1997 films 1997 drama films Catala,0.8,106.0,0.9245283018867922,4.508779096323135,0.03773584905660377,1.0,1.0000001192092896
10,nces  External links      as archived 17 February 2009 (Spanish)  1997 films 1997 drama films Catala,0.85,106.0,0.9245283018867922,4.508779096323135,0.03773584905660377,1.0,1.0
10,nces  External links      as archived 17 February 2009 (Spanish)  1997 films 1997 drama films Catala,0.9,105.0,0.9142857142857143,4.484624596569459,0.03809523809523809,1.0,1.0000001192092896
10,nces  External links      as archived 17 February 2009 (Spanish)  1997 films 1997 drama films Catala,0.95,109.0,0.9266055045871558,4.540944581627061,0.03669724770642202,1.0,1.0000001192092896
10,nces  External links      as archived 17 February 2009 (Spanish)  1997 films 1997 drama films Catala,1.0,113.0,0.8584070796460177,4.470272251580662,0.03539823008849559,1.0,0.9999998807907104
11,for iPad and iPhone/iPod Touch.  Awards Animalia won the Young Australian's Best Book Award in 1987 for B,0.0,105.0,0.2571428571428571,3.1463095293229033,0.0,1.0,1.0
11,for iPad and iPhone/iPod Touch.  Awards Animalia won the Young Australian's Best Book Award in 1987 for B,0.05,105.0,0.2571428571428571,3.1463095293229033,0.0,1.0,1.0
11,for iPad and iPhone/iPod Touch.  Awards Animalia won the Young Australian's Best Book Award in 1987 for B,0.1,105.0,0.3428571428571428,2.4429176076964003,0.0,1.0,0.9999996423721313
11,for iPad and iPhone/iPod Touch.  Awards Animalia won the Young Australian's Best Book Award in 1987 for B,0.15,105.0,0.32380952380952377,3.018349547992409,0.0,1.0,1.0000001192092896
11,for iPad and iPhone/iPod Touch.  Awards Animalia won the Young Australian's Best Book Award in 1987 for B,0.2,105.0,0.33333333333333326,2.65611983660074,0.0,1.0,0.9999999403953552
11,for iPad and iPhone/iPod Touch.  Awards Animalia won the Young Australian's Best Book Award in 1987 for B,0.25,105.0,0.5999999999999999,3.8286560777444634,0.07619047619047618,1.0,0.9999995827674866
11,for iPad and iPhone/iPod Touch.  Awards Animalia won the Young Australian's Best Book Award in 1987 for B,0.3,105.0,0.6095238095238095,3.9619150258193114,0.009523809523809523,1.0,0.9999999403953552
11,for iPad and iPhone/iPod Touch.  Awards Animalia won the Young Australian's Best Book Award in 1987 for B,0.35,105.0,0.6476190476190475,3.972139772050606,0.05714285714285714,1.0,1.0000001192092896
11,for iPad and iPhone/iPod Touch.  Awards Animalia won the Young Australian's Best Book Award in 1987 for B,0.4,104.0,0.7211538461538463,4.183718514900446,0.01923076923076923,1.0,0.9999998211860657
11,for iPad and iPhone/iPod Touch.  Awards Animalia won the Young Australian's Best Book Award in 1987 for B,0.45,105.0,0.8190476190476191,4.371718162278645,0.0,1.0,1.000000238418579
11,for iPad and iPhone/iPod Touch.  Awards Animalia won the Young Australian's Best Book Award in 1987 for B,0.5,104.0,0.7211538461538463,4.119392560690946,0.01923076923076923,1.0,0.9999997615814209
11,for iPad and iPhone/iPod Touch.  Awards Animalia won the Young Australian's Best Book Award in 1987 for B,0.55,105.0,0.7619047619047621,4.221398304302577,0.02857142857142857,1.0,1.0000001192092896
11,for iPad and iPhone/iPod Touch.  Awards Animalia won the Young Australian's Best Book Award in 1987 for B,0.6,105.0,0.8571428571428571,4.4245293760355935,0.0,1.0,0.9999998211860657
11,for iPad and iPhone/iPod Touch.  Awards Animalia won the Young Australian's Best Book Award in 1987 for B,0.65,105.0,0.9333333333333333,4.551574094773063,0.02857142857142857,1.0,1.0
11,for iPad and iPhone/iPod Touch.  Awards Animalia won the Young Australian's Best Book Award in 1987 for B,0.7,105.0,0.9714285714285713,4.614351939839812,0.0,1.0,1.0000001192092896
11,for iPad and iPhone/iPod Touch.  Awards Animalia won the Young Australian's Best Book Award in 1987 for B,0.75,104.0,0.9326923076923077,4.546051392683642,0.0,1.0,1.0
11,for iPad and iPhone/iPod Touch.  Awards Animalia won the Young Australian's Best Book Award in 1987 for B,0.8,105.0,0.9523809523809523,4.587946332961339,0.0,1.0,1.000000238418579
11,for iPad and iPhone/iPod Touch.  Awards Animalia won the Young Australian's Best Book Award in 1987 for B,0.85,105.0,0.9904761904761905,4.640757546718288,0.0,1.0,0.9999998211860657
11,for iPad and iPhone/iPod Touch.  Awards Animalia won the Young Australian's Best Book Award in 1987 for B,0.9,106.0,0.9905660377358491,4.650360845422258,0.0,1.0,1.0
11,for iPad and iPhone/iPod Touch.  Awards Animalia won the Young Australian's Best Book Award in 1987 for B,0.95,108.0,0.9907407407407407,4.66929516822496,0.0,1.0,0.9999993443489075
11,for iPad and iPhone/iPod Touch.  Awards Animalia won the Young Australian's Best Book Award in 1987 for B,1.0,116.0,0.9224137931034482,4.634082056527062,0.0,1.0,1.0
12,"l Laboratory, UK (NPL). It was used as a basis for calibrating the quartz clocks at the Royal Greenwich Observatory and to establish a time scale, called Greenwich Atomic (GA). The United States Naval",0.0,122.0,0.43442622950819676,3.6386084592848675,0.008196721311475412,1.0,0.9999999403953552
12,"l Laboratory, UK (NPL). It was used as a basis for calibrating the quartz clocks at the Royal Greenwich Observatory and to establish a time scale, called Greenwich Atomic (GA). The United States Naval",0.05,122.0,0.4180327868852459,3.6302135091163636,0.0,1.0,1.000000238418579
12,"l Laboratory, UK (NPL). It was used as a basis for calibrating the quartz clocks at the Royal Greenwich Observatory and to establish a time scale, called Greenwich Atomic (GA). The United States Naval",0.1,122.0,0.40163934426229514,3.5293430163189066,0.0,1.0,1.0
12,"l Laboratory, UK (NPL). It was used as a basis for calibrating the quartz clocks at the Royal Greenwich Observatory and to establish a time scale, called Greenwich Atomic (GA). The United States Naval",0.15,122.0,0.4836065573770492,3.802293461232439,0.008196721311475412,1.0,1.0000001192092896
12,"l Laboratory, UK (NPL). It was used as a basis for calibrating the quartz clocks at the Royal Greenwich Observatory and to establish a time scale, called Greenwich Atomic (GA). The United States Naval",0.2,122.0,0.6065573770491802,4.093864950159173,0.016393442622950824,1.0,1.000000238418579
12,"l Laboratory, UK (NPL). It was used as a basis for calibrating the quartz clocks at the Royal Greenwich Observatory and to establish a time scale, called Greenwich Atomic (GA). The United States Naval",0.25,122.0,0.598360655737705,3.9925735043709247,0.008196721311475412,1.0,1.000000238418579
12,"l Laboratory, UK (NPL). It was used as a basis for calibrating the quartz clocks at the Royal Greenwich Observatory and to establish a time scale, called Greenwich Atomic (GA). The United States Naval",0.3,122.0,0.47540983606557363,3.704291093723266,0.008196721311475412,1.0,1.0000001192092896
12,"l Laboratory, UK (NPL). It was used as a basis for calibrating the quartz clocks at the Royal Greenwich Observatory and to establish a time scale, called Greenwich Atomic (GA). The United States Naval",0.35,122.0,0.6393442622950822,4.1476729146284494,0.016393442622950824,1.0,1.000000238418579
12,"l Laboratory, UK (NPL). It was used as a basis for calibrating the quartz clocks at the Royal Greenwich Observatory and to establish a time scale, called Greenwich Atomic (GA). The United States Naval",0.4,121.0,0.6198347107438018,4.131542177711846,0.008264462809917356,1.0,1.000000238418579
12,"l Laboratory, UK (NPL). It was used as a basis for calibrating the quartz clocks at the Royal Greenwich Observatory and to establish a time scale, called Greenwich Atomic (GA). The United States Naval",0.45,122.0,0.6721311475409837,4.234272953769549,0.0,1.0,1.0000003576278687
12,"l Laboratory, UK (NPL). It was used as a basis for calibrating the quartz clocks at the Royal Greenwich Observatory and to establish a time scale, called Greenwich Atomic (GA). The United States Naval",0.5,122.0,0.6475409836065574,4.194628877863313,0.0,1.0,1.0000004768371582
12,"l Laboratory, UK (NPL). It was used as a basis for calibrating the quartz clocks at the Royal Greenwich Observatory and to establish a time scale, called Greenwich Atomic (GA). The United States Naval",0.55,122.0,0.6721311475409837,4.258371607024146,0.0,1.0,1.0000001192092896
12,"l Laboratory, UK (NPL). It was used as a basis for calibrating the quartz clocks at the Royal Greenwich Observatory and to establish a time scale, called Greenwich Atomic (GA). The United States Naval",0.6,122.0,0.7704918032786884,4.444469622775645,0.0,1.0,1.0000007152557373
12,"l Laboratory, UK (NPL). It was used as a basis for calibrating the quartz clocks at the Royal Greenwich Observatory and to establish a time scale, called Greenwich Atomic (GA). The United States Naval",0.65,122.0,0.7459016393442625,4.363424453939473,0.008196721311475412,1.0,1.0
12,"l Laboratory, UK (NPL). It was used as a basis for calibrating the quartz clocks at the Royal Greenwich Observatory and to establish a time scale, called Greenwich Atomic (GA). The United States Naval",0.7,122.0,0.8114754098360656,4.484498199518525,0.0,1.0,1.000000238418579
12,"l Laboratory, UK (NPL). It was used as a basis for calibrating the quartz clocks at the Royal Greenwich Observatory and to establish a time scale, called Greenwich Atomic (GA). The United States Naval",0.75,121.0,0.8677685950413224,4.59669755152399,0.0,1.0,1.0000001192092896
12,"l Laboratory, UK (NPL). It was used as a basis for calibrating the quartz clocks at the Royal Greenwich Observatory and to establish a time scale, called Greenwich Atomic (GA). The United States Naval",0.8,122.0,0.8934426229508196,4.6477233153718815,0.0,1.0,1.0000001192092896
12,"l Laboratory, UK (NPL). It was used as a basis for calibrating the quartz clocks at the Royal Greenwich Observatory and to establish a time scale, called Greenwich Atomic (GA). The United States Naval",0.85,122.0,0.9016393442622952,4.667664222328023,0.0,1.0,1.0000001192092896
12,"l Laboratory, UK (NPL). It was used as a basis for calibrating the quartz clocks at the Royal Greenwich Observatory and to establish a time scale, called Greenwich Atomic (GA). The United States Naval",0.9,124.0,0.9354838709677417,4.730843219726334,0.0,1.0,1.000000238418579
12,"l Laboratory, UK (NPL). It was used as a basis for calibrating the quartz clocks at the Royal Greenwich Observatory and to establish a time scale, called Greenwich Atomic (GA). The United States Naval",0.95,125.0,0.9439999999999997,4.746495267929473,0.0,1.0,1.000000238418579
12,"l Laboratory, UK (NPL). It was used as a basis for calibrating the quartz clocks at the Royal Greenwich Observatory and to establish a time scale, called Greenwich Atomic (GA). The United States Naval",1.0,132.0,0.9015151515151516,4.742308931386954,0.0,1.0,1.0
13,ial reward or avoid social punishment by helping. P,0.0,90.0,0.45555555555555555,3.372617496572635,0.02222222222222222,1.0,0.9999999403953552
13,ial reward or avoid social punishment by helping. P,0.05,90.0,0.3444444444444444,3.171750748116542,0.05555555555555556,1.0,1.0000001192092896
13,ial reward or avoid social punishment by helping. P,0.1,90.0,0.41111111111111115,3.2872704374561956,0.03333333333333333,1.0,1.0000004768371582
13,ial reward or avoid social punishment by helping. P,0.15,90.0,0.41111111111111115,3.434843470453933,0.03333333333333333,1.0,1.0
13,ial reward or avoid social punishment by helping. P,0.2,90.0,0.26666666666666666,2.6617001830289038,0.0,1.0,1.0000004768371582
13,ial reward or avoid social punishment by helping. P,0.25,90.0,0.15555555555555553,2.5683176665136496,0.0,1.0,1.0000003576278687
13,ial reward or avoid social punishment by helping. P,0.3,90.0,0.7333333333333332,4.026282758599236,0.03333333333333333,1.0,1.0000004768371582
13,ial reward or avoid social punishment by helping. P,0.35,90.0,0.6222222222222221,3.876794713392944,0.0,1.0,0.9999998807907104
13,ial reward or avoid social punishment by helping. P,0.4,90.0,0.711111111111111,4.054082893240246,0.0,1.0,1.0000001192092896
13,ial reward or avoid social punishment by helping. P,0.45,90.0,0.6777777777777777,3.9558494009015375,0.0,1.0,1.0000001192092896
13,ial reward or avoid social punishment by helping. P,0.5,89.0,0.8089887640449438,4.190624651401222,0.011235955056179775,1.0,0.9999999403953552
13,ial reward or avoid social punishment by helping. P,0.55,90.0,0.7777777777777779,4.131099246635797,0.0,1.0,1.0000003576278687
13,ial reward or avoid social punishment by helping. P,0.6,90.0,0.7444444444444442,4.095247964447325,0.0,1.0,1.0000004768371582
13,ial reward or avoid social punishment by helping. P,0.65,88.0,0.8863636363636364,4.307911361083569,0.0,1.0,1.0
13,ial reward or avoid social punishment by helping. P,0.7,90.0,0.8777777777777777,4.318745956331955,0.0,1.0,1.0
13,ial reward or avoid social punishment by helping. P,0.75,90.0,0.8555555555555555,4.260139280332725,0.0,1.0,0.9999998807907104
13,ial reward or avoid social punishment by helping. P,0.8,89.0,0.9550561797752808,4.426331005187423,0.0,1.0,1.0
13,ial reward or avoid social punishment by helping. P,0.85,90.0,0.9222222222222222,4.3919867755764965,0.0,1.0,0.9999995827674866
13,ial reward or avoid social punishment by helping. P,0.9,89.0,0.9887640449438203,4.473060028595961,0.0,1.0,1.0
13,ial reward or avoid social punishment by helping. P,0.95,92.0,1.0,4.52178857704904,0.0,1.0,1.0000001192092896
13,ial reward or avoid social punishment by helping. P,1.0,94.0,0.9148936170212767,4.398695133263088,0.0,1.0,1.0000001192092896
14,s of individuals contributing most to the nation's wealth and achievements. The novel contains an exposition of Objectivism in a lengthy monologue delivered b,0.0,108.0,0.40740740740740733,3.4752953457379574,0.03703703703703702,1.0,1.0000001192092896
14,s of individuals contributing most to the nation's wealth and achievements. The novel contains an exposition of Objectivism in a lengthy monologue delivered b,0.05,108.0,0.4259259259259259,3.604874794398641,0.02777777777777778,1.0,1.0
14,s of individuals contributing most to the nation's wealth and achievements. The novel contains an exposition of Objectivism in a lengthy monologue delivered b,0.1,108.0,0.7037037037037038,4.144630207695653,0.009259259259259255,1.0,1.0000004768371582
14,s of individuals contributing most to the nation's wealth and achievements. The novel contains an exposition of Objectivism in a lengthy monologue delivered b,0.15,108.0,0.6666666666666665,4.079808973671193,0.009259259259259255,1.0,0.9999998211860657
14,s of individuals contributing most to the nation's wealth and achievements. The novel contains an exposition of Objectivism in a lengthy monologue delivered b,0.2,108.0,0.5462962962962962,3.8048697347752998,0.009259259259259255,1.0,1.000000238418579
14,s of individuals contributing most to the nation's wealth and achievements. The novel contains an exposition of Objectivism in a lengthy monologue delivered b,0.25,108.0,0.6481481481481483,4.085294803419402,0.0,1.0,1.000000238418579
14,s of individuals contributing most to the nation's wealth and achievements. The novel contains an exposition of Objectivism in a lengthy monologue delivered b,0.3,108.0,0.7222222222222221,4.15665953942477,0.009259259259259255,1.0,1.0000003576278687
14,s of individuals contributing most to the nation's wealth and achievements. The novel contains an exposition of Objectivism in a lengthy monologue delivered b,0.35,108.0,0.7037037037037038,4.170302325494168,0.0,1.0,1.0000003576278687
14,s of individuals contributing most to the nation's wealth and achievements. The novel contains an exposition of Objectivism in a lengthy monologue delivered b,0.4,108.0,0.7962962962962962,4.341850193762594,0.0,1.0,1.0000003576278687
14,s of individuals contributing most to the nation's wealth and achievements. The novel contains an exposition of Objectivism in a lengthy monologue delivered b,0.45,108.0,0.6944444444444444,4.12864787033722,0.009259259259259255,1.0,0.9999999403953552
14,s of individuals contributing most to the nation's wealth and achievements. The novel contains an exposition of Objectivism in a lengthy monologue delivered b,0.5,108.0,0.7222222222222221,4.19580865565071,0.009259259259259255,1.0,1.0000001192092896
14,s of individuals contributing most to the nation's wealth and achievements. The novel contains an exposition of Objectivism in a lengthy monologue delivered b,0.55,108.0,0.787037037037037,4.313197585146878,0.0,1.0,1.0000004768371582
14,s of individuals contributing most to the nation's wealth and achievements. The novel contains an exposition of Objectivism in a lengthy monologue delivered b,0.6,108.0,0.7777777777777779,4.30334201706482,0.0,1.0,1.0000001192092896
14,s of individuals contributing most to the nation's wealth and achievements. The novel contains an exposition of Objectivism in a lengthy monologue delivered b,0.65,108.0,0.8148148148148147,4.367522311561112,0.0,1.0,1.0
14,s of individuals contributing most to the nation's wealth and achievements. The novel contains an exposition of Objectivism in a lengthy monologue delivered b,0.7,108.0,0.8055555555555556,4.340568314706261,0.0,1.0,0.9999997019767761
14,s of individuals contributing most to the nation's wealth and achievements. The novel contains an exposition of Objectivism in a lengthy monologue delivered b,0.75,108.0,0.8518518518518517,4.431061666529234,0.0,1.0,1.000000238418579
14,s of individuals contributing most to the nation's wealth and achievements. The novel contains an exposition of Objectivism in a lengthy monologue delivered b,0.8,108.0,0.9722222222222221,4.643623050426443,0.0,1.0,0.9999997019767761
14,s of individuals contributing most to the nation's wealth and achievements. The novel contains an exposition of Objectivism in a lengthy monologue delivered b,0.85,108.0,0.9629629629629628,4.630786991527185,0.0,1.0,1.0000004768371582
14,s of individuals contributing most to the nation's wealth and achievements. The novel contains an exposition of Objectivism in a lengthy monologue delivered b,0.9,107.0,0.9813084112149534,4.6469167903288255,0.009345794392523364,1.0,1.0000005960464478
14,s of individuals contributing most to the nation's wealth and achievements. The novel contains an exposition of Objectivism in a lengthy monologue delivered b,0.95,108.0,0.9629629629629628,4.625942101307143,0.0,1.0,1.0000004768371582
14,s of individuals contributing most to the nation's wealth and achievements. The novel contains an exposition of Objectivism in a lengthy monologue delivered b,1.0,128.0,0.9453125,4.772129414922713,0.0,1.0,1.0000003576278687
15,niversity in 2017.  Since 1982 he is a member of the French Academy of Sciences. He was elected member of several foreign,0.0,106.0,0.3018867924528302,2.868384728588127,0.0,1.0,1.0
15,niversity in 2017.  Since 1982 he is a member of the French Academy of Sciences. He was elected member of several foreign,0.05,106.0,0.3018867924528302,2.868384728588127,0.0,1.0,1.0
15,niversity in 2017.  Since 1982 he is a member of the French Academy of Sciences. He was elected member of several foreign,0.1,106.0,0.33018867924528295,2.964142607927525,0.0,1.0,1.0000003576278687
15,niversity in 2017.  Since 1982 he is a member of the French Academy of Sciences. He was elected member of several foreign,0.15,106.0,0.3679245283018868,3.347829133691934,0.018867924528301886,1.0,1.0
15,niversity in 2017.  Since 1982 he is a member of the French Academy of Sciences. He was elected member of several foreign,0.2,106.0,0.3207547169811321,3.2137362973127486,0.0,1.0,0.9999999403953552
15,niversity in 2017.  Since 1982 he is a member of the French Academy of Sciences. He was elected member of several foreign,0.25,106.0,0.3679245283018868,3.2322991746950365,0.0,1.0,0.9999999403953552
15,niversity in 2017.  Since 1982 he is a member of the French Academy of Sciences. He was elected member of several foreign,0.3,106.0,0.7264150943396224,4.156761953123844,0.018867924528301886,1.0,1.0000001192092896
15,niversity in 2017.  Since 1982 he is a member of the French Academy of Sciences. He was elected member of several foreign,0.35,106.0,0.6226415094339621,3.9232078676102957,0.009433962264150943,1.0,0.9999999403953552
15,niversity in 2017.  Since 1982 he is a member of the French Academy of Sciences. He was elected member of several foreign,0.4,106.0,0.6320754716981133,3.9239060861841337,0.018867924528301886,1.0,1.0000001192092896
15,niversity in 2017.  Since 1982 he is a member of the French Academy of Sciences. He was elected member of several foreign,0.45,106.0,0.5377358490566039,3.788584648894716,0.0,1.0,0.9999999403953552
15,niversity in 2017.  Since 1982 he is a member of the French Academy of Sciences. He was elected member of several foreign,0.5,106.0,0.7264150943396224,4.140857471969071,0.009433962264150943,1.0,1.0000001192092896
15,niversity in 2017.  Since 1982 he is a member of the French Academy of Sciences. He was elected member of several foreign,0.55,105.0,0.7047619047619047,4.0978659866158464,0.0,1.0,1.0000003576278687
15,niversity in 2017.  Since 1982 he is a member of the French Academy of Sciences. He was elected member of several foreign,0.6,105.0,0.7619047619047621,4.2123671540001935,0.03809523809523809,1.0,1.0000001192092896
15,niversity in 2017.  Since 1982 he is a member of the French Academy of Sciences. He was elected member of several foreign,0.65,105.0,0.8571428571428571,4.437732179474831,0.0,1.0,0.9999999403953552
15,niversity in 2017.  Since 1982 he is a member of the French Academy of Sciences. He was elected member of several foreign,0.7,105.0,0.8666666666666668,4.435325783863251,0.0,1.0,1.000000238418579
15,niversity in 2017.  Since 1982 he is a member of the French Academy of Sciences. He was elected member of several foreign,0.75,105.0,0.8285714285714286,4.34614233191803,0.0,1.0,1.000000238418579
15,niversity in 2017.  Since 1982 he is a member of the French Academy of Sciences. He was elected member of several foreign,0.8,106.0,0.9150943396226415,4.527720303970904,0.0,1.0,0.9999998807907104
15,niversity in 2017.  Since 1982 he is a member of the French Academy of Sciences. He was elected member of several foreign,0.85,108.0,0.9259259259259262,4.574597865710109,0.0,1.0,0.9999997615814209
15,niversity in 2017.  Since 1982 he is a member of the French Academy of Sciences. He was elected member of several foreign,0.9,105.0,0.9523809523809523,4.577979701651539,0.0,1.0,1.0000004768371582
15,niversity in 2017.  Since 1982 he is a member of the French Academy of Sciences. He was elected member of several foreign,0.95,109.0,0.9449541284403672,4.610237659197181,0.0,1.0,1.0000001192092896
15,niversity in 2017.  Since 1982 he is a member of the French Academy of Sciences. He was elected member of several foreign,1.0,116.0,0.9137931034482761,4.6080022266869305,0.0,1.0,0.9999996423721313
16,"Motion Picture Directors Association.  Career Dwan started his directing career by accident in 1911, whe",0.0,99.0,0.494949494949495,3.637945665598875,0.0,1.0,1.0000001192092896
16,"Motion Picture Directors Association.  Career Dwan started his directing career by accident in 1911, whe",0.05,99.0,0.38383838383838387,3.2826197819542804,0.0,1.0,1.000000238418579
16,"Motion Picture Directors Association.  Career Dwan started his directing career by accident in 1911, whe",0.1,99.0,0.47474747474747464,3.6679855025458097,0.0,1.0,1.0000005960464478
16,"Motion Picture Directors Association.  Career Dwan started his directing career by accident in 1911, whe",0.15,99.0,0.4040404040404041,3.245524923682383,0.0,1.0,1.000000238418579
16,"Motion Picture Directors Association.  Career Dwan started his directing career by accident in 1911, whe",0.2,99.0,0.6767676767676767,4.040012492884207,0.0,1.0,1.0000001192092896
16,"Motion Picture Directors Association.  Career Dwan started his directing career by accident in 1911, whe",0.25,99.0,0.6868686868686869,4.04389941415371,0.0,1.0,1.000000238418579
16,"Motion Picture Directors Association.  Career Dwan started his directing career by accident in 1911, whe",0.3,99.0,0.6262626262626263,3.914621209524045,0.0,1.0,1.0
16,"Motion Picture Directors Association.  Career Dwan started his directing career by accident in 1911, whe",0.35,99.0,0.6363636363636365,3.94675866674498,0.020202020202020207,1.0,1.000000238418579
16,"Motion Picture Directors Association.  Career Dwan started his directing career by accident in 1911, whe",0.4,98.0,0.8061224489795918,4.271886600968413,0.0,1.0,1.0
16,"Motion Picture Directors Association.  Career Dwan started his directing career by accident in 1911, whe",0.45,99.0,0.6868686868686869,4.024156488527707,0.010101010101010104,1.0,0.9999998807907104
16,"Motion Picture Directors Association.  Career Dwan started his directing career by accident in 1911, whe",0.5,99.0,0.7171717171717169,4.113914280876937,0.0,1.0,1.0000001192092896
16,"Motion Picture Directors Association.  Career Dwan started his directing career by accident in 1911, whe",0.55,99.0,0.7575757575757576,4.167892283997873,0.0,1.0,1.000000238418579
16,"Motion Picture Directors Association.  Career Dwan started his directing career by accident in 1911, whe",0.6,99.0,0.7979797979797979,4.228197335335905,0.0,1.0,1.0000001192092896
16,"Motion Picture Directors Association.  Career Dwan started his directing career by accident in 1911, whe",0.65,99.0,0.7777777777777779,4.194906053861114,0.0,1.0,0.9999998807907104
16,"Motion Picture Directors Association.  Career Dwan started his directing career by accident in 1911, whe",0.7,98.0,0.9183673469387756,4.461122058502324,0.0,1.0,1.0
16,"Motion Picture Directors Association.  Career Dwan started his directing career by accident in 1911, whe",0.75,99.0,0.9191919191919193,4.45253787891828,0.0,1.0,1.0000003576278687
16,"Motion Picture Directors Association.  Career Dwan started his directing career by accident in 1911, whe",0.8,98.0,0.948979591836735,4.5088989077586925,0.0,1.0,1.000000238418579
16,"Motion Picture Directors Association.  Career Dwan started his directing career by accident in 1911, whe",0.85,98.0,0.9591836734693875,4.514238174531799,0.0,1.0,0.9999998211860657
16,"Motion Picture Directors Association.  Career Dwan started his directing career by accident in 1911, whe",0.9,99.0,0.98989898989899,4.581116876789946,0.0,1.0,1.0000001192092896
16,"Motion Picture Directors Association.  Career Dwan started his directing career by accident in 1911, whe",0.95,103.0,1.0,4.634728988229636,0.0,1.0,1.0000001192092896
16,"Motion Picture Directors Association.  Career Dwan started his directing career by accident in 1911, whe",1.0,103.0,0.9029126213592236,4.476517975998103,0.0,1.0,1.0000001192092896
17,"s are imported from Russia, with whom they are a close ally.  In 2007, the A",0.0,100.0,0.49000000000000005,3.7196843255588616,0.0,1.0,0.9999995827674866
17,"s are imported from Russia, with whom they are a close ally.  In 2007, the A",0.05,97.0,0.4536082474226804,3.527520385993038,0.0,1.0,1.000000238418579
17,"s are imported from Russia, with whom they are a close ally.  In 2007, the A",0.1,100.0,0.2800000000000001,3.100029139120336,0.0,1.0,0.9999998807907104
17,"s are imported from Russia, with whom they are a close ally.  In 2007, the A",0.15,100.0,0.4499999999999999,3.470733709775298,0.0,1.0,1.0000001192092896
17,"s are imported from Russia, with whom they are a close ally.  In 2007, the A",0.2,100.0,0.4800000000000001,3.5426849886958545,0.010000000000000002,1.0,0.9999998807907104
17,"s are imported from Russia, with whom they are a close ally.  In 2007, the A",0.25,100.0,0.4800000000000001,3.620809219578733,0.0,1.0,1.000000238418579
17,"s are imported from Russia, with whom they are a close ally.  In 2007, the A",0.3,100.0,0.66,4.0010143735093635,0.010000000000000002,1.0,1.0000003576278687
17,"s are imported from Russia, with whom they are a close ally.  In 2007, the A",0.35,100.0,0.7100000000000002,4.127634386411696,0.0,1.0,1.0000003576278687
17,"s are imported from Russia, with whom they are a close ally.  In 2007, the A",0.4,100.0,0.7799999999999999,4.240372436003025,0.010000000000000002,1.0,1.0
17,"s are imported from Russia, with whom they are a close ally.  In 2007, the A",0.45,100.0,0.7100000000000002,4.115605943502233,0.020000000000000004,1.0,1.000000238418579
17,"s are imported from Russia, with whom they are a close ally.  In 2007, the A",0.5,100.0,0.7100000000000002,4.095528263395598,0.0,1.0,1.0000001192092896
17,"s are imported from Russia, with whom they are a close ally.  In 2007, the A",0.55,100.0,0.7899999999999998,4.197641319158108,0.0,1.0,0.9999998807907104
17,"s are imported from Russia, with whom they are a close ally.  In 2007, the A",0.6,100.0,0.8400000000000001,4.325094558004582,0.0,1.0,0.9999999403953552
17,"s are imported from Russia, with whom they are a close ally.  In 2007, the A",0.65,100.0,0.8299999999999998,4.306981388013528,0.010000000000000002,1.0,0.9999998807907104
17,"s are imported from Russia, with whom they are a close ally.  In 2007, the A",0.7,100.0,0.8800000000000001,4.364267663160064,0.0,1.0,0.9999999403953552
17,"s are imported from Russia, with whom they are a close ally.  In 2007, the A",0.75,100.0,0.8400000000000001,4.339247541983154,0.0,1.0,1.000000238418579
17,"s are imported from Russia, with whom they are a close ally.  In 2007, the A",0.8,100.0,0.89,4.409254474729567,0.0,1.0,1.0000003576278687
17,"s are imported from Russia, with whom they are a close ally.  In 2007, the A",0.85,99.0,0.9191919191919193,4.477810728591928,0.0,1.0,1.0000003576278687
17,"s are imported from Russia, with whom they are a close ally.  In 2007, the A",0.9,100.0,0.9600000000000002,4.544485930105649,0.010000000000000002,1.0,0.9999999403953552
17,"s are imported from Russia, with whom they are a close ally.  In 2007, the A",0.95,100.0,0.9800000000000001,4.577444298765694,0.0,1.0,1.0
17,"s are imported from Russia, with whom they are a close ally.  In 2007, the A",1.0,115.0,0.9565217391304346,4.684658460488474,0.0,1.0,1.0000001192092896
18,"likewise. He is completely loyal to Dagny and to Taggart Transcontinental. Willers does not possess the creative ability of Galt's associates, but",0.0,113.0,0.3185840707964601,2.896916303204569,0.0,1.0,1.0
18,"likewise. He is completely loyal to Dagny and to Taggart Transcontinental. Willers does not possess the creative ability of Galt's associates, but",0.05,113.0,0.3185840707964601,2.896916303204569,0.0,1.0,1.0
18,"likewise. He is completely loyal to Dagny and to Taggart Transcontinental. Willers does not possess the creative ability of Galt's associates, but",0.1,113.0,0.4336283185840708,3.62192746322471,0.008849557522123897,1.0,1.0
18,"likewise. He is completely loyal to Dagny and to Taggart Transcontinental. Willers does not possess the creative ability of Galt's associates, but",0.15,113.0,0.5398230088495575,3.846912669155979,0.008849557522123897,1.0,1.0000003576278687
18,"likewise. He is completely loyal to Dagny and to Taggart Transcontinental. Willers does not possess the creative ability of Galt's associates, but",0.2,113.0,0.5575221238938054,3.8069428795782465,0.0,1.0,1.0000004768371582
18,"likewise. He is completely loyal to Dagny and to Taggart Transcontinental. Willers does not possess the creative ability of Galt's associates, but",0.25,113.0,0.6460176991150441,3.965913713179315,0.03539823008849559,1.0,1.000000238418579
18,"likewise. He is completely loyal to Dagny and to Taggart Transcontinental. Willers does not possess the creative ability of Galt's associates, but",0.3,113.0,0.654867256637168,4.104880656958442,0.03539823008849559,1.0,1.0000001192092896
18,"likewise. He is completely loyal to Dagny and to Taggart Transcontinental. Willers does not possess the creative ability of Galt's associates, but",0.35,113.0,0.6017699115044248,4.036515200729125,0.03539823008849559,1.0,0.9999998807907104
18,"likewise. He is completely loyal to Dagny and to Taggart Transcontinental. Willers does not possess the creative ability of Galt's associates, but",0.4,113.0,0.7876106194690264,4.37762728486017,0.0,1.0,1.000000238418579
18,"likewise. He is completely loyal to Dagny and to Taggart Transcontinental. Willers does not possess the creative ability of Galt's associates, but",0.45,113.0,0.7079646017699114,4.158583538270337,0.0,1.0,1.000000238418579
18,"likewise. He is completely loyal to Dagny and to Taggart Transcontinental. Willers does not possess the creative ability of Galt's associates, but",0.5,113.0,0.7079646017699114,4.192895109132342,0.0,1.0,0.9999996423721313
18,"likewise. He is completely loyal to Dagny and to Taggart Transcontinental. Willers does not possess the creative ability of Galt's associates, but",0.55,112.0,0.7946428571428572,4.3520017496477825,0.0,1.0,1.000000238418579
18,"likewise. He is completely loyal to Dagny and to Taggart Transcontinental. Willers does not possess the creative ability of Galt's associates, but",0.6,113.0,0.752212389380531,4.314050795083045,0.0,1.0,1.0
18,"likewise. He is completely loyal to Dagny and to Taggart Transcontinental. Willers does not possess the creative ability of Galt's associates, but",0.65,113.0,0.8053097345132743,4.416826043160244,0.0,1.0,0.9999997615814209
18,"likewise. He is completely loyal to Dagny and to Taggart Transcontinental. Willers does not possess the creative ability of Galt's associates, but",0.7,110.0,0.8000000000000002,4.378359650238076,0.0,1.0,0.9999997615814209
18,"likewise. He is completely loyal to Dagny and to Taggart Transcontinental. Willers does not possess the creative ability of Galt's associates, but",0.75,113.0,0.8849557522123893,4.533492834877211,0.008849557522123897,1.0,0.9999999403953552
18,"likewise. He is completely loyal to Dagny and to Taggart Transcontinental. Willers does not possess the creative ability of Galt's associates, but",0.8,113.0,0.8230088495575222,4.412195528613656,0.0,1.0,1.0
18,"likewise. He is completely loyal to Dagny and to Taggart Transcontinental. Willers does not possess the creative ability of Galt's associates, but",0.85,114.0,0.9649122807017543,4.682966644988842,0.0,1.0,1.0000001192092896
18,"likewise. He is completely loyal to Dagny and to Taggart Transcontinental. Willers does not possess the creative ability of Galt's associates, but",0.9,114.0,0.9473684210526313,4.663235587282922,0.0,1.0,1.0
18,"likewise. He is completely loyal to Dagny and to Taggart Transcontinental. Willers does not possess the creative ability of Galt's associates, but",0.95,113.0,0.9823008849557521,4.702851635329688,0.0,1.0,0.9999999403953552
18,"likewise. He is completely loyal to Dagny and to Taggart Transcontinental. Willers does not possess the creative ability of Galt's associates, but",1.0,121.0,0.9421487603305785,4.711267333434725,0.0,1.0,0.9999998807907104
19,"hers subsequently. The majority of these were evolutionists. One notable exception was the Berlin Society for Anthropology, Ethnology, and Pr",0.0,107.0,0.3551401869158878,3.3326953887885082,0.0,1.0,1.0
19,"hers subsequently. The majority of these were evolutionists. One notable exception was the Berlin Society for Anthropology, Ethnology, and Pr",0.05,107.0,0.45794392523364486,3.6625490238406884,0.0,1.0,1.0000001192092896
19,"hers subsequently. The majority of these were evolutionists. One notable exception was the Berlin Society for Anthropology, Ethnology, and Pr",0.1,107.0,0.5140186915887849,3.8369350372935394,0.009345794392523364,1.0,1.0
19,"hers subsequently. The majority of these were evolutionists. One notable exception was the Berlin Society for Anthropology, Ethnology, and Pr",0.15,107.0,0.588785046728972,3.815433570170324,0.0,1.0,1.000000238418579
19,"hers subsequently. The majority of these were evolutionists. One notable exception was the Berlin Society for Anthropology, Ethnology, and Pr",0.2,107.0,0.6542056074766355,4.070414500255178,0.009345794392523364,1.0,0.9999998807907104
19,"hers subsequently. The majority of these were evolutionists. One notable exception was the Berlin Society for Anthropology, Ethnology, and Pr",0.25,107.0,0.6168224299065419,3.8878677457733297,0.009345794392523364,1.0,1.0000003576278687
19,"hers subsequently. The majority of these were evolutionists. One notable exception was the Berlin Society for Anthropology, Ethnology, and Pr",0.3,107.0,0.7102803738317756,4.135841540205097,0.009345794392523364,1.0,1.0000001192092896
19,"hers subsequently. The majority of these were evolutionists. One notable exception was the Berlin Society for Anthropology, Ethnology, and Pr",0.35,107.0,0.6448598130841121,4.012632685401197,0.0,1.0,1.0
19,"hers subsequently. The majority of these were evolutionists. One notable exception was the Berlin Society for Anthropology, Ethnology, and Pr",0.4,108.0,0.7407407407407407,4.254503120398794,0.0,1.0,0.9999998807907104
19,"hers subsequently. The majority of these were evolutionists. One notable exception was the Berlin Society for Anthropology, Ethnology, and Pr",0.45,107.0,0.7476635514018691,4.241204203374563,0.0,1.0,0.9999997615814209
19,"hers subsequently. The majority of these were evolutionists. One notable exception was the Berlin Society for Anthropology, Ethnology, and Pr",0.5,107.0,0.8130841121495326,4.359522888610572,0.0,1.0,1.000000238418579
19,"hers subsequently. The majority of these were evolutionists. One notable exception was the Berlin Society for Anthropology, Ethnology, and Pr",0.55,107.0,0.7383177570093459,4.204864890488481,0.0,1.0,0.9999999403953552
19,"hers subsequently. The majority of these were evolutionists. One notable exception was the Berlin Society for Anthropology, Ethnology, and Pr",0.6,107.0,0.7663551401869158,4.224968769672557,0.0,1.0,1.0000003576278687
19,"hers subsequently. The majority of these were evolutionists. One notable exception was the Berlin Society for Anthropology, Ethnology, and Pr",0.65,107.0,0.8224299065420559,4.33586853202713,0.009345794392523364,1.0,1.0000001192092896
19,"hers subsequently. The majority of these were evolutionists. One notable exception was the Berlin Society for Anthropology, Ethnology, and Pr",0.7,107.0,0.8598130841121495,4.455752142261465,0.0,1.0,0.9999997019767761
19,"hers subsequently. The majority of these were evolutionists. One notable exception was the Berlin Society for Anthropology, Ethnology, and Pr",0.75,107.0,0.8598130841121495,4.429840098128383,0.0,1.0,1.0000001192092896
19,"hers subsequently. The majority of these were evolutionists. One notable exception was the Berlin Society for Anthropology, Ethnology, and Pr",0.8,106.0,0.9150943396226415,4.540798552660714,0.0,1.0,1.0
19,"hers subsequently. The majority of these were evolutionists. One notable exception was the Berlin Society for Anthropology, Ethnology, and Pr",0.85,107.0,0.9626168224299068,4.621004746195746,0.009345794392523364,1.0,1.0
19,"hers subsequently. The majority of these were evolutionists. One notable exception was the Berlin Society for Anthropology, Ethnology, and Pr",0.9,107.0,0.9532710280373834,4.595092702062662,0.018691588785046728,1.0,1.0000001192092896
19,"hers subsequently. The majority of these were evolutionists. One notable exception was the Berlin Society for Anthropology, Ethnology, and Pr",0.95,105.0,0.9714285714285713,4.614351939839812,0.009523809523809523,1.0,1.0000004768371582
19,"hers subsequently. The majority of these were evolutionists. One notable exception was the Berlin Society for Anthropology, Ethnology, and Pr",1.0,118.0,0.9322033898305084,4.672264259781565,0.0,1.0,1.0
20,"subsistence agriculture, which feed most of the poorest people in the world.  These systems are of interest as they",0.0,104.0,0.5096153846153847,3.7510368197010897,0.009615384615384614,1.0,1.000000238418579
20,"subsistence agriculture, which feed most of the poorest people in the world.  These systems are of interest as they",0.05,104.0,0.3653846153846153,3.2560581039275567,0.04807692307692309,1.0,0.9999998807907104
20,"subsistence agriculture, which feed most of the poorest people in the world.  These systems are of interest as they",0.1,104.0,0.47115384615384626,3.600695587135347,0.009615384615384614,1.0,1.0000003576278687
20,"subsistence agriculture, which feed most of the poorest people in the world.  These systems are of interest as they",0.15,104.0,0.2596153846153847,2.3718541952619683,0.43269230769230776,1.0,1.0
20,"subsistence agriculture, which feed most of the poorest people in the world.  These systems are of interest as they",0.2,104.0,0.4230769230769231,3.417579541135654,0.057692307692307696,1.0,0.9999998211860657
20,"subsistence agriculture, which feed most of the poorest people in the world.  These systems are of interest as they",0.25,104.0,0.6538461538461537,4.033996101625672,0.01923076923076923,1.0,1.000000238418579
20,"subsistence agriculture, which feed most of the poorest people in the world.  These systems are of interest as they",0.3,104.0,0.6442307692307694,3.9795787358024852,0.028846153846153848,1.0,1.0
20,"subsistence agriculture, which feed most of the poorest people in the world.  These systems are of interest as they",0.35,104.0,0.75,4.202745091572812,0.01923076923076923,1.0,1.0000001192092896
20,"subsistence agriculture, which feed most of the poorest people in the world.  These systems are of interest as they",0.4,104.0,0.7211538461538463,4.1710543524766175,0.009615384615384614,1.0,1.0
20,"subsistence agriculture, which feed most of the poorest people in the world.  These systems are of interest as they",0.45,104.0,0.7115384615384616,4.152027775804248,0.009615384615384614,1.0,1.0
20,"subsistence agriculture, which feed most of the poorest people in the world.  These systems are of interest as they",0.5,104.0,0.7019230769230769,4.117907502677132,0.0,1.0,1.000000238418579
20,"subsistence agriculture, which feed most of the poorest people in the world.  These systems are of interest as they",0.55,104.0,0.6442307692307694,3.9738819126024216,0.0,1.0,1.0000005960464478
20,"subsistence agriculture, which feed most of the poorest people in the world.  These systems are of interest as they",0.6,104.0,0.7211538461538463,4.157724599004311,0.0,1.0,1.000000238418579
20,"subsistence agriculture, which feed most of the poorest people in the world.  These systems are of interest as they",0.65,104.0,0.8076923076923078,4.339309915465021,0.009615384615384614,1.0,1.0
20,"subsistence agriculture, which feed most of the poorest people in the world.  These systems are of interest as they",0.7,104.0,0.7403846153846153,4.1653575292765534,0.0,1.0,0.9999998807907104
20,"subsistence agriculture, which feed most of the poorest people in the world.  These systems are of interest as they",0.75,104.0,0.8269230769230769,4.370335063512738,0.0,1.0,1.000000238418579
20,"subsistence agriculture, which feed most of the poorest people in the world.  These systems are of interest as they",0.8,104.0,0.8461538461538461,4.389361640185105,0.0,1.0,0.9999998211860657
20,"subsistence agriculture, which feed most of the poorest people in the world.  These systems are of interest as they",0.85,105.0,0.9047619047619048,4.506982368800452,0.0,1.0,0.9999998211860657
20,"subsistence agriculture, which feed most of the poorest people in the world.  These systems are of interest as they",0.9,104.0,0.9807692307692306,4.617731392196758,0.0,1.0,1.0000007152557373
20,"subsistence agriculture, which feed most of the poorest people in the world.  These systems are of interest as they",0.95,104.0,0.9615384615384613,4.5860406531005635,0.0,1.0,1.0
20,"subsistence agriculture, which feed most of the poorest people in the world.  These systems are of interest as they",1.0,112.0,0.9464285714285717,4.644233101949386,0.0,1.0,1.0000003576278687
21,"aspects)   (general overview, written in a highly accessible",0.0,94.0,0.14893617021276598,2.5241879165048524,0.07446808510638299,1.0,1.0
21,"aspects)   (general overview, written in a highly accessible",0.05,94.0,0.14893617021276598,2.5241879165048524,0.07446808510638299,1.0,1.0
21,"aspects)   (general overview, written in a highly accessible",0.1,94.0,0.30851063829787234,2.627532084785696,0.11702127659574471,1.0,0.9999997019767761
21,"aspects)   (general overview, written in a highly accessible",0.15,94.0,0.24468085106382978,2.488304096960948,0.1276595744680851,1.0,1.0
21,"aspects)   (general overview, written in a highly accessible",0.2,93.0,0.3655913978494623,2.88166963058953,0.1075268817204301,1.0,1.0000003576278687
21,"aspects)   (general overview, written in a highly accessible",0.25,94.0,0.34042553191489355,3.0618245185149413,0.06382978723404255,1.0,0.9999999403953552
21,"aspects)   (general overview, written in a highly accessible",0.3,94.0,0.6595744680851062,3.9088505312603012,0.05319148936170213,1.0,1.0000001192092896
21,"aspects)   (general overview, written in a highly accessible",0.35,94.0,0.6808510638297871,3.879354906555622,0.07446808510638299,1.0,1.000000238418579
21,"aspects)   (general overview, written in a highly accessible",0.4,94.0,0.7765957446808509,4.1544756709131025,0.010638297872340424,1.0,1.000000238418579
21,"aspects)   (general overview, written in a highly accessible",0.45,94.0,0.7340425531914894,4.074861585954581,0.010638297872340424,1.0,1.0
21,"aspects)   (general overview, written in a highly accessible",0.5,93.0,0.8064516129032258,4.179436696820874,0.01075268817204301,1.0,0.9999997615814209
21,"aspects)   (general overview, written in a highly accessible",0.55,94.0,0.8404255319148938,4.2751461648298585,0.021276595744680847,1.0,1.0000003576278687
21,"aspects)   (general overview, written in a highly accessible",0.6,94.0,0.7553191489361702,4.157900064617974,0.031914893617021274,1.0,1.0000001192092896
21,"aspects)   (general overview, written in a highly accessible",0.65,94.0,0.8191489361702129,4.251217009739694,0.010638297872340424,1.0,1.0000001192092896
21,"aspects)   (general overview, written in a highly accessible",0.7,94.0,0.8617021276595743,4.325692470108221,0.021276595744680847,1.0,1.0
21,"aspects)   (general overview, written in a highly accessible",0.75,94.0,0.9148936170212767,4.404998001484432,0.010638297872340424,1.0,1.0
21,"aspects)   (general overview, written in a highly accessible",0.8,97.0,0.9793814432989689,4.546127589614311,0.010309278350515462,1.0,1.0000003576278687
21,"aspects)   (general overview, written in a highly accessible",0.85,93.0,0.9784946236559137,4.50278671119369,0.01075268817204301,1.0,1.0
21,"aspects)   (general overview, written in a highly accessible",0.9,96.0,0.9895833333333333,4.549907625206171,0.010416666666666664,1.0,1.000000238418579
21,"aspects)   (general overview, written in a highly accessible",0.95,96.0,0.9791666666666667,4.535467058944505,0.010416666666666664,1.0,1.0000001192092896
21,"aspects)   (general overview, written in a highly accessible",1.0,100.0,0.9499999999999998,4.53062298649445,0.010000000000000002,1.0,1.000000238418579
22,"1984 song by Warlord  ""The Alien"", a song by Dream Theater from the album A View from the Top of the World, 2021  Video games   Alien (1984 video game), based on the film  Alien (Atari 26",0.0,129.0,0.2790697674418604,3.190800445472115,0.03875968992248061,1.0,1.000000238418579
22,"1984 song by Warlord  ""The Alien"", a song by Dream Theater from the album A View from the Top of the World, 2021  Video games   Alien (1984 video game), based on the film  Alien (Atari 26",0.05,129.0,0.2790697674418604,3.190800445472115,0.03875968992248061,1.0,1.000000238418579
22,"1984 song by Warlord  ""The Alien"", a song by Dream Theater from the album A View from the Top of the World, 2021  Video games   Alien (1984 video game), based on the film  Alien (Atari 26",0.1,129.0,0.2790697674418604,3.190800445472115,0.03875968992248061,1.0,1.000000238418579
22,"1984 song by Warlord  ""The Alien"", a song by Dream Theater from the album A View from the Top of the World, 2021  Video games   Alien (1984 video game), based on the film  Alien (Atari 26",0.15,129.0,0.28682170542635654,3.252904161995404,0.03875968992248061,1.0,1.0000001192092896
22,"1984 song by Warlord  ""The Alien"", a song by Dream Theater from the album A View from the Top of the World, 2021  Video games   Alien (1984 video game), based on the film  Alien (Atari 26",0.2,129.0,0.2945736434108527,3.2834383640294056,0.0077519379844961265,1.0,1.0000001192092896
22,"1984 song by Warlord  ""The Alien"", a song by Dream Theater from the album A View from the Top of the World, 2021  Video games   Alien (1984 video game), based on the film  Alien (Atari 26",0.25,129.0,0.42635658914728686,3.7716804785818416,0.031007751937984506,1.0,1.0
22,"1984 song by Warlord  ""The Alien"", a song by Dream Theater from the album A View from the Top of the World, 2021  Video games   Alien (1984 video game), based on the film  Alien (Atari 26",0.3,129.0,0.6434108527131782,4.179542936961599,0.02325581395348837,1.0,1.000000238418579
22,"1984 song by Warlord  ""The Alien"", a song by Dream Theater from the album A View from the Top of the World, 2021  Video games   Alien (1984 video game), based on the film  Alien (Atari 26",0.35,129.0,0.5426356589147285,3.938978417118139,0.04651162790697674,1.0,0.9999999403953552
22,"1984 song by Warlord  ""The Alien"", a song by Dream Theater from the album A View from the Top of the World, 2021  Video games   Alien (1984 video game), based on the film  Alien (Atari 26",0.4,129.0,0.5193798449612401,3.9439348412644706,0.04651162790697674,1.0,1.0
22,"1984 song by Warlord  ""The Alien"", a song by Dream Theater from the album A View from the Top of the World, 2021  Video games   Alien (1984 video game), based on the film  Alien (Atari 26",0.45,129.0,0.6201550387596898,4.057796487382336,0.015503875968992253,1.0,0.9999999403953552
22,"1984 song by Warlord  ""The Alien"", a song by Dream Theater from the album A View from the Top of the World, 2021  Video games   Alien (1984 video game), based on the film  Alien (Atari 26",0.5,129.0,0.5426356589147285,4.0628555529569725,0.02325581395348837,1.0,0.9999999403953552
22,"1984 song by Warlord  ""The Alien"", a song by Dream Theater from the album A View from the Top of the World, 2021  Video games   Alien (1984 video game), based on the film  Alien (Atari 26",0.55,129.0,0.6124031007751937,4.085023888279567,0.0077519379844961265,1.0,1.0000001192092896
22,"1984 song by Warlord  ""The Alien"", a song by Dream Theater from the album A View from the Top of the World, 2021  Video games   Alien (1984 video game), based on the film  Alien (Atari 26",0.6,129.0,0.7209302325581394,4.388318615055279,0.0077519379844961265,1.0,1.000000238418579
22,"1984 song by Warlord  ""The Alien"", a song by Dream Theater from the album A View from the Top of the World, 2021  Video games   Alien (1984 video game), based on the film  Alien (Atari 26",0.65,128.0,0.7578125,4.4324382565387435,0.0078125,1.0,1.0
22,"1984 song by Warlord  ""The Alien"", a song by Dream Theater from the album A View from the Top of the World, 2021  Video games   Alien (1984 video game), based on the film  Alien (Atari 26",0.7,128.0,0.75,4.4175199557193325,0.015625,1.0,1.000000238418579
22,"1984 song by Warlord  ""The Alien"", a song by Dream Theater from the album A View from the Top of the World, 2021  Video games   Alien (1984 video game), based on the film  Alien (Atari 26",0.75,128.0,0.875,4.6401903221676,0.0078125,1.0,0.9999999403953552
22,"1984 song by Warlord  ""The Alien"", a song by Dream Theater from the album A View from the Top of the World, 2021  Video games   Alien (1984 video game), based on the film  Alien (Atari 26",0.8,129.0,0.868217054263566,4.642924351946063,0.0077519379844961265,1.0,0.9999996423721313
22,"1984 song by Warlord  ""The Alien"", a song by Dream Theater from the album A View from the Top of the World, 2021  Video games   Alien (1984 video game), based on the film  Alien (Atari 26",0.85,129.0,0.8914728682170543,4.675163755693037,0.0077519379844961265,1.0,1.000000238418579
22,"1984 song by Warlord  ""The Alien"", a song by Dream Theater from the album A View from the Top of the World, 2021  Video games   Alien (1984 video game), based on the film  Alien (Atari 26",0.9,130.0,0.876923076923077,4.65439612617047,0.007692307692307693,1.0,0.9999998211860657
22,"1984 song by Warlord  ""The Alien"", a song by Dream Theater from the album A View from the Top of the World, 2021  Video games   Alien (1984 video game), based on the film  Alien (Atari 26",0.95,132.0,0.8939393939393939,4.702349834114751,0.007575757575757574,1.0,1.0000001192092896
22,"1984 song by Warlord  ""The Alien"", a song by Dream Theater from the album A View from the Top of the World, 2021  Video games   Alien (1984 video game), based on the film  Alien (Atari 26",1.0,134.0,0.8656716417910447,4.678699105005139,0.007462686567164178,1.0,1.000000238418579
23,"n their evolution to determine how they form, evolve, and die. They use this data to create models or simulations to theorize how different celest",0.0,110.0,0.3454545454545455,3.2928974069438945,0.02727272727272727,1.0,0.9999999403953552
23,"n their evolution to determine how they form, evolve, and die. They use this data to create models or simulations to theorize how different celest",0.05,110.0,0.6454545454545453,4.053779147369654,0.01818181818181818,1.0,0.9999998807907104
23,"n their evolution to determine how they form, evolve, and die. They use this data to create models or simulations to theorize how different celest",0.1,110.0,0.6545454545454545,4.089026488346079,0.01818181818181818,1.0,1.0000004768371582
23,"n their evolution to determine how they form, evolve, and die. They use this data to create models or simulations to theorize how different celest",0.15,110.0,0.43636363636363634,3.607990559287548,0.01818181818181818,1.0,1.0000001192092896
23,"n their evolution to determine how they form, evolve, and die. They use this data to create models or simulations to theorize how different celest",0.2,110.0,0.5636363636363637,3.913015470586005,0.02727272727272727,1.0,1.000000238418579
23,"n their evolution to determine how they form, evolve, and die. They use this data to create models or simulations to theorize how different celest",0.25,110.0,0.6545454545454545,4.086830374093244,0.01818181818181818,1.0,1.0000001192092896
23,"n their evolution to determine how they form, evolve, and die. They use this data to create models or simulations to theorize how different celest",0.3,110.0,0.690909090909091,4.17980590747146,0.01818181818181818,1.0,0.9999999403953552
23,"n their evolution to determine how they form, evolve, and die. They use this data to create models or simulations to theorize how different celest",0.35,110.0,0.6454545454545453,4.104189851410377,0.01818181818181818,1.0,1.000000238418579
23,"n their evolution to determine how they form, evolve, and die. They use this data to create models or simulations to theorize how different celest",0.4,109.0,0.6880733944954129,4.0941386115409175,0.0,1.0,1.0
23,"n their evolution to determine how they form, evolve, and die. They use this data to create models or simulations to theorize how different celest",0.45,110.0,0.690909090909091,4.167832517543478,0.0,1.0,0.9999999403953552
23,"n their evolution to determine how they form, evolve, and die. They use this data to create models or simulations to theorize how different celest",0.5,110.0,0.6999999999999998,4.10947503905949,0.0,1.0,0.9999999403953552
23,"n their evolution to determine how they form, evolve, and die. They use this data to create models or simulations to theorize how different celest",0.55,110.0,0.7181818181818183,4.166573945379081,0.0,1.0,1.000000238418579
23,"n their evolution to determine how they form, evolve, and die. They use this data to create models or simulations to theorize how different celest",0.6,110.0,0.809090909090909,4.3837457376272235,0.0,1.0,0.9999997615814209
23,"n their evolution to determine how they form, evolve, and die. They use this data to create models or simulations to theorize how different celest",0.65,110.0,0.7454545454545456,4.255421963532544,0.0,1.0,1.0
23,"n their evolution to determine how they form, evolve, and die. They use this data to create models or simulations to theorize how different celest",0.7,110.0,0.7272727272727272,4.130187262834147,0.0,1.0,1.000000238418579
23,"n their evolution to determine how they form, evolve, and die. They use this data to create models or simulations to theorize how different celest",0.75,110.0,0.7909090909090909,4.331038019593629,0.0,1.0,1.000000238418579
23,"n their evolution to determine how they form, evolve, and die. They use this data to create models or simulations to theorize how different celest",0.8,109.0,0.9449541284403672,4.605437217511268,0.0,1.0,0.9999998211860657
23,"n their evolution to determine how they form, evolve, and die. They use this data to create models or simulations to theorize how different celest",0.85,110.0,0.9545454545454544,4.6327101844345595,0.0,1.0,1.0000001192092896
23,"n their evolution to determine how they form, evolve, and die. They use this data to create models or simulations to theorize how different celest",0.9,111.0,0.9369369369369369,4.604903146963471,0.009009009009009007,1.0,0.9999994039535522
23,"n their evolution to determine how they form, evolve, and die. They use this data to create models or simulations to theorize how different celest",0.95,110.0,0.9636363636363638,4.645312860444738,0.0,1.0,1.0000001192092896
23,"n their evolution to determine how they form, evolve, and die. They use this data to create models or simulations to theorize how different celest",1.0,121.0,0.9090909090909092,4.665439420670429,0.0,1.0,1.0000003576278687
24,"s (i.e. graphemes and control characters). This allows digital devices to communicate with each other and to process, store, and communicate character-oriented information such as written lan",0.0,118.0,0.483050847457627,3.621697756236043,0.016949152542372885,1.0,1.0000001192092896
24,"s (i.e. graphemes and control characters). This allows digital devices to communicate with each other and to process, store, and communicate character-oriented information such as written lan",0.05,118.0,0.4661016949152542,3.8056008646789508,0.008474576271186442,1.0,1.0000001192092896
24,"s (i.e. graphemes and control characters). This allows digital devices to communicate with each other and to process, store, and communicate character-oriented information such as written lan",0.1,118.0,0.5508474576271187,3.9785475446885896,0.008474576271186442,1.0,1.000000238418579
24,"s (i.e. graphemes and control characters). This allows digital devices to communicate with each other and to process, store, and communicate character-oriented information such as written lan",0.15,118.0,0.5508474576271187,3.957438111245479,0.016949152542372885,1.0,0.9999998807907104
24,"s (i.e. graphemes and control characters). This allows digital devices to communicate with each other and to process, store, and communicate character-oriented information such as written lan",0.2,117.0,0.641025641025641,4.093986496256846,0.017094017094017096,1.0,1.0000001192092896
24,"s (i.e. graphemes and control characters). This allows digital devices to communicate with each other and to process, store, and communicate character-oriented information such as written lan",0.25,118.0,0.6694915254237287,4.173000223208339,0.016949152542372885,1.0,1.0
24,"s (i.e. graphemes and control characters). This allows digital devices to communicate with each other and to process, store, and communicate character-oriented information such as written lan",0.3,118.0,0.6779661016949152,4.1914758088815045,0.016949152542372885,1.0,1.000000238418579
24,"s (i.e. graphemes and control characters). This allows digital devices to communicate with each other and to process, store, and communicate character-oriented information such as written lan",0.35,118.0,0.6610169491525426,4.116551958792657,0.0,1.0,1.0000001192092896
24,"s (i.e. graphemes and control characters). This allows digital devices to communicate with each other and to process, store, and communicate character-oriented information such as written lan",0.4,118.0,0.6440677966101694,4.126348019715335,0.0,1.0,0.9999996423721313
24,"s (i.e. graphemes and control characters). This allows digital devices to communicate with each other and to process, store, and communicate character-oriented information such as written lan",0.45,118.0,0.6864406779661018,4.2000986245661815,0.0,1.0,1.000000238418579
24,"s (i.e. graphemes and control characters). This allows digital devices to communicate with each other and to process, store, and communicate character-oriented information such as written lan",0.5,118.0,0.711864406779661,4.258839911054312,0.0,1.0,1.0
24,"s (i.e. graphemes and control characters). This allows digital devices to communicate with each other and to process, store, and communicate character-oriented information such as written lan",0.55,117.0,0.7008547008547007,4.1556975290933895,0.008547008547008548,1.0,1.0000005960464478
24,"s (i.e. graphemes and control characters). This allows digital devices to communicate with each other and to process, store, and communicate character-oriented information such as written lan",0.6,118.0,0.7203389830508475,4.210633045949663,0.0,1.0,1.0000003576278687
24,"s (i.e. graphemes and control characters). This allows digital devices to communicate with each other and to process, store, and communicate character-oriented information such as written lan",0.65,117.0,0.7606837606837609,4.327422082203994,0.017094017094017096,1.0,1.000000238418579
24,"s (i.e. graphemes and control characters). This allows digital devices to communicate with each other and to process, store, and communicate character-oriented information such as written lan",0.7,118.0,0.8135593220338982,4.470402601491278,0.0,1.0,1.0000003576278687
24,"s (i.e. graphemes and control characters). This allows digital devices to communicate with each other and to process, store, and communicate character-oriented information such as written lan",0.75,118.0,0.7966101694915255,4.423996194919772,0.0,1.0,0.9999997615814209
24,"s (i.e. graphemes and control characters). This allows digital devices to communicate with each other and to process, store, and communicate character-oriented information such as written lan",0.8,117.0,0.8205128205128206,4.449789349605031,0.0,1.0,1.0000001192092896
24,"s (i.e. graphemes and control characters). This allows digital devices to communicate with each other and to process, store, and communicate character-oriented information such as written lan",0.85,118.0,0.8898305084745765,4.590026458698185,0.0,1.0,0.9999998211860657
24,"s (i.e. graphemes and control characters). This allows digital devices to communicate with each other and to process, store, and communicate character-oriented information such as written lan",0.9,119.0,0.9411764705882353,4.693179722761917,0.0,1.0,1.0000003576278687
24,"s (i.e. graphemes and control characters). This allows digital devices to communicate with each other and to process, store, and communicate character-oriented information such as written lan",0.95,120.0,0.9499999999999998,4.713816623528014,0.0,1.0,1.0000003576278687
24,"s (i.e. graphemes and control characters). This allows digital devices to communicate with each other and to process, store, and communicate character-oriented information such as written lan",1.0,134.0,0.917910447761194,4.780134679681632,0.0,1.0,1.0000003576278687
25,"as (the city of Austin, Texas is located in Travis County)  Schools  Austin College, Sherman, Texas  University of Texas at Austin, flagship i",0.0,112.0,0.25,2.713626139805995,0.0,1.0,0.9999998807907104
25,"as (the city of Austin, Texas is located in Travis County)  Schools  Austin College, Sherman, Texas  University of Texas at Austin, flagship i",0.05,112.0,0.25,2.713626139805995,0.0,1.0,0.9999998807907104
25,"as (the city of Austin, Texas is located in Travis County)  Schools  Austin College, Sherman, Texas  University of Texas at Austin, flagship i",0.1,112.0,0.21428571428571427,2.4659921914701477,0.0,1.0,0.9999998807907104
25,"as (the city of Austin, Texas is located in Travis County)  Schools  Austin College, Sherman, Texas  University of Texas at Austin, flagship i",0.15,112.0,0.23214285714285712,2.6084131787644993,0.0,1.0,1.0
25,"as (the city of Austin, Texas is located in Travis County)  Schools  Austin College, Sherman, Texas  University of Texas at Austin, flagship i",0.2,112.0,0.5178571428571428,3.7998144213343714,0.0,1.0,1.0000004768371582
25,"as (the city of Austin, Texas is located in Travis County)  Schools  Austin College, Sherman, Texas  University of Texas at Austin, flagship i",0.25,113.0,0.38938053097345127,3.5211749729035033,0.0,1.0,1.0000003576278687
25,"as (the city of Austin, Texas is located in Travis County)  Schools  Austin College, Sherman, Texas  University of Texas at Austin, flagship i",0.3,112.0,0.5714285714285714,3.9517647389159682,0.017857142857142856,1.0,1.0
25,"as (the city of Austin, Texas is located in Travis County)  Schools  Austin College, Sherman, Texas  University of Texas at Austin, flagship i",0.35,112.0,0.3303571428571429,3.121106083235801,0.008928571428571428,1.0,1.0000001192092896
25,"as (the city of Austin, Texas is located in Travis County)  Schools  Austin College, Sherman, Texas  University of Texas at Austin, flagship i",0.4,112.0,0.5803571428571428,3.9072114981018857,0.008928571428571428,1.0,1.0
25,"as (the city of Austin, Texas is located in Travis County)  Schools  Austin College, Sherman, Texas  University of Texas at Austin, flagship i",0.45,112.0,0.6339285714285714,3.953761770188097,0.017857142857142856,1.0,1.0000004768371582
25,"as (the city of Austin, Texas is located in Travis County)  Schools  Austin College, Sherman, Texas  University of Texas at Austin, flagship i",0.5,112.0,0.5357142857142858,3.6777017716400864,0.0,1.0,0.9999998807907104
25,"as (the city of Austin, Texas is located in Travis County)  Schools  Austin College, Sherman, Texas  University of Texas at Austin, flagship i",0.55,110.0,0.7545454545454544,4.2654639524886075,0.0,1.0,1.0000001192092896
25,"as (the city of Austin, Texas is located in Travis County)  Schools  Austin College, Sherman, Texas  University of Texas at Austin, flagship i",0.6,112.0,0.7857142857142858,4.352619798478513,0.0,1.0,1.0000003576278687
25,"as (the city of Austin, Texas is located in Travis County)  Schools  Austin College, Sherman, Texas  University of Texas at Austin, flagship i",0.65,111.0,0.8018018018018017,4.3683944413157,0.02702702702702703,1.0,1.0000001192092896
25,"as (the city of Austin, Texas is located in Travis County)  Schools  Austin College, Sherman, Texas  University of Texas at Austin, flagship i",0.7,112.0,0.8125,4.422831758228485,0.0,1.0,1.0000004768371582
25,"as (the city of Austin, Texas is located in Travis County)  Schools  Austin College, Sherman, Texas  University of Texas at Austin, flagship i",0.75,112.0,0.8660714285714285,4.488773708945645,0.0,1.0,1.0000001192092896
25,"as (the city of Austin, Texas is located in Travis County)  Schools  Austin College, Sherman, Texas  University of Texas at Austin, flagship i",0.8,111.0,0.9009009009009009,4.545518698927362,0.0,1.0,1.0
25,"as (the city of Austin, Texas is located in Travis County)  Schools  Austin College, Sherman, Texas  University of Texas at Austin, flagship i",0.85,112.0,0.8839285714285715,4.513528965394216,0.0,1.0,1.0000007152557373
25,"as (the city of Austin, Texas is located in Travis County)  Schools  Austin College, Sherman, Texas  University of Texas at Austin, flagship i",0.9,114.0,0.9122807017543859,4.5886635150294754,0.0,1.0,1.0000003576278687
25,"as (the city of Austin, Texas is located in Travis County)  Schools  Austin College, Sherman, Texas  University of Texas at Austin, flagship i",0.95,112.0,0.9107142857142856,4.568329385548555,0.0,1.0,0.9999998807907104
25,"as (the city of Austin, Texas is located in Travis County)  Schools  Austin College, Sherman, Texas  University of Texas at Austin, flagship i",1.0,116.0,0.8534482758620688,4.524943269283506,0.0,1.0,0.9999996423721313
26,"uring World War II, animation was widely exploited for propaganda.",0.0,92.0,0.3478260869565217,3.1990667860366506,0.010869565217391302,1.0,1.0
26,"uring World War II, animation was widely exploited for propaganda.",0.05,92.0,0.3369565217391305,3.2082531029064563,0.021739130434782605,1.0,0.9999997019767761
26,"uring World War II, animation was widely exploited for propaganda.",0.1,92.0,0.48913043478260876,3.5795706349824292,0.021739130434782605,1.0,1.0000001192092896
26,"uring World War II, animation was widely exploited for propaganda.",0.15,92.0,0.3695652173913044,3.3574324580490114,0.021739130434782605,1.0,0.9999998211860657
26,"uring World War II, animation was widely exploited for propaganda.",0.2,92.0,0.6521739130434783,3.882932996858206,0.010869565217391302,1.0,1.0000001192092896
26,"uring World War II, animation was widely exploited for propaganda.",0.25,92.0,0.4782608695652173,3.638339488312816,0.0,1.0,1.0
26,"uring World War II, animation was widely exploited for propaganda.",0.3,92.0,0.7065217391304349,4.013035216441548,0.010869565217391302,1.0,1.0000001192092896
26,"uring World War II, animation was widely exploited for propaganda.",0.35,92.0,0.6956521739130433,3.947074068743239,0.010869565217391302,1.0,1.0000004768371582
26,"uring World War II, animation was widely exploited for propaganda.",0.4,92.0,0.717391304347826,4.040231000329493,0.010869565217391302,1.0,1.0
26,"uring World War II, animation was widely exploited for propaganda.",0.45,92.0,0.7391304347826088,3.929574483269345,0.0,1.0,0.9999995827674866
26,"uring World War II, animation was widely exploited for propaganda.",0.5,92.0,0.7717391304347827,4.130641502141658,0.0,1.0,1.000000238418579
26,"uring World War II, animation was widely exploited for propaganda.",0.55,92.0,0.7608695652173912,4.094817188380742,0.0,1.0,1.0000003576278687
26,"uring World War II, animation was widely exploited for propaganda.",0.6,92.0,0.7934782608695651,4.155090856255521,0.0,1.0,1.000000238418579
26,"uring World War II, animation was widely exploited for propaganda.",0.65,92.0,0.8369565217391305,4.2052311797129365,0.0,1.0,1.0000003576278687
26,"uring World War II, animation was widely exploited for propaganda.",0.7,92.0,0.75,4.131709170682736,0.0,1.0,1.0000001192092896
26,"uring World War II, animation was widely exploited for propaganda.",0.75,92.0,0.923913043478261,4.4049346986211235,0.0,1.0,1.0
26,"uring World War II, animation was widely exploited for propaganda.",0.8,91.0,0.9230769230769231,4.3927215195347795,0.0,1.0,1.0000003576278687
26,"uring World War II, animation was widely exploited for propaganda.",0.85,91.0,0.9780219780219779,4.480391498580149,0.0,1.0,1.0000001192092896
26,"uring World War II, animation was widely exploited for propaganda.",0.9,91.0,0.989010989010989,4.495625502548501,0.010989010989010988,1.0,1.000000238418579
26,"uring World War II, animation was widely exploited for propaganda.",0.95,92.0,1.0,4.52178857704904,0.0,1.0,0.9999997615814209
26,"uring World War II, animation was widely exploited for propaganda.",1.0,96.0,0.9479166666666667,4.492145360159509,0.0,1.0,1.0000005960464478
27,"ally ""Sun""  Lyceus ( ; , Lykeios, from Proto-Greek *), ""light"". The meaning of the epithet ""Lyceus"" later be",0.0,117.0,0.2991452991452991,2.6378182335242712,0.0,1.0,1.000000238418579
27,"ally ""Sun""  Lyceus ( ; , Lykeios, from Proto-Greek *), ""light"". The meaning of the epithet ""Lyceus"" later be",0.05,117.0,0.4188034188034188,3.644481716870687,0.008547008547008548,1.0,1.0
27,"ally ""Sun""  Lyceus ( ; , Lykeios, from Proto-Greek *), ""light"". The meaning of the epithet ""Lyceus"" later be",0.1,117.0,0.4786324786324786,3.717141344013639,0.008547008547008548,1.0,0.9999999403953552
27,"ally ""Sun""  Lyceus ( ; , Lykeios, from Proto-Greek *), ""light"". The meaning of the epithet ""Lyceus"" later be",0.15,117.0,0.5470085470085471,3.905648246940019,0.008547008547008548,1.0,0.9999999403953552
27,"ally ""Sun""  Lyceus ( ; , Lykeios, from Proto-Greek *), ""light"". The meaning of the epithet ""Lyceus"" later be",0.2,117.0,0.43589743589743596,3.713963870482626,0.025641025641025644,1.0,1.000000238418579
27,"ally ""Sun""  Lyceus ( ; , Lykeios, from Proto-Greek *), ""light"". The meaning of the epithet ""Lyceus"" later be",0.25,117.0,0.5042735042735043,3.7890027152179053,0.025641025641025644,1.0,0.9999998211860657
27,"ally ""Sun""  Lyceus ( ; , Lykeios, from Proto-Greek *), ""light"". The meaning of the epithet ""Lyceus"" later be",0.3,117.0,0.5982905982905982,4.027229905502082,0.0,1.0,1.0000004768371582
27,"ally ""Sun""  Lyceus ( ; , Lykeios, from Proto-Greek *), ""light"". The meaning of the epithet ""Lyceus"" later be",0.35,117.0,0.5726495726495726,4.000491530363762,0.0,1.0,1.0000007152557373
27,"ally ""Sun""  Lyceus ( ; , Lykeios, from Proto-Greek *), ""light"". The meaning of the epithet ""Lyceus"" later be",0.4,117.0,0.7264957264957264,4.31341382664557,0.008547008547008548,1.0,1.0000003576278687
27,"ally ""Sun""  Lyceus ( ; , Lykeios, from Proto-Greek *), ""light"". The meaning of the epithet ""Lyceus"" later be",0.45,117.0,0.6153846153846153,4.023543307984095,0.0,1.0,1.000000238418579
27,"ally ""Sun""  Lyceus ( ; , Lykeios, from Proto-Greek *), ""light"". The meaning of the epithet ""Lyceus"" later be",0.5,117.0,0.7350427350427353,4.293444022262233,0.0,1.0,0.9999998807907104
27,"ally ""Sun""  Lyceus ( ; , Lykeios, from Proto-Greek *), ""light"". The meaning of the epithet ""Lyceus"" later be",0.55,117.0,0.8205128205128206,4.462821292333271,0.0,1.0,1.0000003576278687
27,"ally ""Sun""  Lyceus ( ; , Lykeios, from Proto-Greek *), ""light"". The meaning of the epithet ""Lyceus"" later be",0.6,116.0,0.7586206896551724,4.365823025283954,0.0,1.0,1.000000238418579
27,"ally ""Sun""  Lyceus ( ; , Lykeios, from Proto-Greek *), ""light"". The meaning of the epithet ""Lyceus"" later be",0.65,117.0,0.7606837606837609,4.376384710534365,0.0,1.0,1.000000238418579
27,"ally ""Sun""  Lyceus ( ; , Lykeios, from Proto-Greek *), ""light"". The meaning of the epithet ""Lyceus"" later be",0.7,116.0,0.9310344827586204,4.653472923582884,0.0,1.0,1.0000003576278687
27,"ally ""Sun""  Lyceus ( ; , Lykeios, from Proto-Greek *), ""light"". The meaning of the epithet ""Lyceus"" later be",0.75,115.0,0.9043478260869563,4.603230091321094,0.0,1.0,1.0
27,"ally ""Sun""  Lyceus ( ; , Lykeios, from Proto-Greek *), ""light"". The meaning of the epithet ""Lyceus"" later be",0.8,117.0,0.8803418803418804,4.591820351896531,0.0,1.0,1.000000238418579
27,"ally ""Sun""  Lyceus ( ; , Lykeios, from Proto-Greek *), ""light"". The meaning of the epithet ""Lyceus"" later be",0.85,118.0,0.923728813559322,4.66051600248394,0.0,1.0,1.000000238418579
27,"ally ""Sun""  Lyceus ( ; , Lykeios, from Proto-Greek *), ""light"". The meaning of the epithet ""Lyceus"" later be",0.9,118.0,0.940677966101695,4.684012517079192,0.0,1.0,0.9999997615814209
27,"ally ""Sun""  Lyceus ( ; , Lykeios, from Proto-Greek *), ""light"". The meaning of the epithet ""Lyceus"" later be",0.95,120.0,0.9333333333333333,4.690711717509347,0.0,1.0,1.000000238418579
27,"ally ""Sun""  Lyceus ( ; , Lykeios, from Proto-Greek *), ""light"". The meaning of the epithet ""Lyceus"" later be",1.0,122.0,0.9016393442622952,4.659086383905651,0.0,1.0,1.0000001192092896
28,af      1970 births Living people American male tennis players American autobiographers American investors American real est,0.0,102.0,0.16666666666666663,1.7994934184618647,0.039215686274509796,1.0,0.9999997615814209
28,af      1970 births Living people American male tennis players American autobiographers American investors American real est,0.05,102.0,0.1764705882352941,2.1811173103084736,0.039215686274509796,1.0,0.9999999403953552
28,af      1970 births Living people American male tennis players American autobiographers American investors American real est,0.1,102.0,0.21568627450980396,2.0068612764420024,0.039215686274509796,1.0,1.000000238418579
28,af      1970 births Living people American male tennis players American autobiographers American investors American real est,0.15,102.0,0.2941176470588235,2.2376354796470417,0.039215686274509796,1.0,1.0
28,af      1970 births Living people American male tennis players American autobiographers American investors American real est,0.2,102.0,0.24509803921568624,2.4234237836237087,0.039215686274509796,1.0,1.0000001192092896
28,af      1970 births Living people American male tennis players American autobiographers American investors American real est,0.25,102.0,0.2647058823529412,2.4534164328801316,0.039215686274509796,1.0,0.9999999403953552
28,af      1970 births Living people American male tennis players American autobiographers American investors American real est,0.3,102.0,0.4215686274509804,3.128084303455892,0.039215686274509796,1.0,0.9999997615814209
28,af      1970 births Living people American male tennis players American autobiographers American investors American real est,0.35,102.0,0.5196078431372549,3.296368416919228,0.039215686274509796,1.0,1.0000001192092896
28,af      1970 births Living people American male tennis players American autobiographers American investors American real est,0.4,102.0,0.2941176470588235,2.706423984595004,0.039215686274509796,1.0,1.0000003576278687
28,af      1970 births Living people American male tennis players American autobiographers American investors American real est,0.45,102.0,0.6176470588235293,3.638602733843844,0.039215686274509796,1.0,1.0000004768371582
28,af      1970 births Living people American male tennis players American autobiographers American investors American real est,0.5,102.0,0.588235294117647,3.3834272831107577,0.039215686274509796,1.0,1.0000003576278687
28,af      1970 births Living people American male tennis players American autobiographers American investors American real est,0.55,101.0,0.8217821782178218,4.155909759040229,0.03960396039603961,1.0,0.9999999403953552
28,af      1970 births Living people American male tennis players American autobiographers American investors American real est,0.6,102.0,0.8529411764705882,4.344580338665082,0.039215686274509796,1.0,1.0000001192092896
28,af      1970 births Living people American male tennis players American autobiographers American investors American real est,0.65,99.0,0.888888888888889,4.390541443996199,0.05050505050505051,1.0,1.0000003576278687
28,af      1970 births Living people American male tennis players American autobiographers American investors American real est,0.7,101.0,0.910891089108911,4.453091252198787,0.03960396039603961,1.0,1.0000001192092896
28,af      1970 births Living people American male tennis players American autobiographers American investors American real est,0.75,101.0,0.910891089108911,4.453091252198787,0.03960396039603961,1.0,0.9999999403953552
28,af      1970 births Living people American male tennis players American autobiographers American investors American real est,0.8,103.0,0.9320388349514562,4.502764260009731,0.038834951456310676,1.0,1.0000001192092896
28,af      1970 births Living people American male tennis players American autobiographers American investors American real est,0.85,103.0,0.9223300970873787,4.489305091455169,0.038834951456310676,1.0,0.9999999403953552
28,af      1970 births Living people American male tennis players American autobiographers American investors American real est,0.9,103.0,0.9320388349514562,4.502764260009731,0.038834951456310676,1.0,1.0000007152557373
28,af      1970 births Living people American male tennis players American autobiographers American investors American real est,0.95,104.0,0.9326923076923077,4.513695062538968,0.03846153846153846,1.0,0.9999999403953552
28,af      1970 births Living people American male tennis players American autobiographers American investors American real est,1.0,112.0,0.875,4.505823195596401,0.03571428571428571,1.0,1.0
29,"have a variety of derivational prefixes, many have infixes, but suffixes are almost completely non-existent",0.0,104.0,0.31730769230769235,3.2071234025947772,0.04807692307692309,1.0,1.0000001192092896
29,"have a variety of derivational prefixes, many have infixes, but suffixes are almost completely non-existent",0.05,104.0,0.5961538461538463,3.512083409794797,0.028846153846153848,1.0,1.000000238418579
29,"have a variety of derivational prefixes, many have infixes, but suffixes are almost completely non-existent",0.1,104.0,0.3942307692307692,3.4063109037873027,0.04807692307692309,1.0,1.0
29,"have a variety of derivational prefixes, many have infixes, but suffixes are almost completely non-existent",0.15,104.0,0.46153846153846156,3.62244925426061,0.028846153846153848,1.0,1.0000001192092896
29,"have a variety of derivational prefixes, many have infixes, but suffixes are almost completely non-existent",0.2,104.0,0.875,4.424319668450442,0.028846153846153848,1.0,0.9999998211860657
29,"have a variety of derivational prefixes, many have infixes, but suffixes are almost completely non-existent",0.25,104.0,0.5288461538461537,3.7511022629119473,0.0,1.0,1.0
29,"have a variety of derivational prefixes, many have infixes, but suffixes are almost completely non-existent",0.3,103.0,0.6019417475728156,3.9328080278882296,0.029126213592233007,1.0,0.9999998211860657
29,"have a variety of derivational prefixes, many have infixes, but suffixes are almost completely non-existent",0.35,104.0,0.6826923076923078,4.107007283235746,0.009615384615384614,1.0,0.9999995827674866
29,"have a variety of derivational prefixes, many have infixes, but suffixes are almost completely non-existent",0.4,104.0,0.6730769230769231,4.055857206581704,0.0,1.0,1.000000238418579
29,"have a variety of derivational prefixes, many have infixes, but suffixes are almost completely non-existent",0.45,104.0,0.7403846153846153,4.191738151252542,0.01923076923076923,1.0,1.0
29,"have a variety of derivational prefixes, many have infixes, but suffixes are almost completely non-existent",0.5,104.0,0.7307692307692306,4.178687282748863,0.0,1.0,1.0000001192092896
29,"have a variety of derivational prefixes, many have infixes, but suffixes are almost completely non-existent",0.55,104.0,0.6826923076923078,4.0810133673396125,0.0,1.0,1.0000001192092896
29,"have a variety of derivational prefixes, many have infixes, but suffixes are almost completely non-existent",0.6,104.0,0.7980769230769231,4.3176816406719905,0.0,1.0,0.9999999403953552
29,"have a variety of derivational prefixes, many have infixes, but suffixes are almost completely non-existent",0.65,104.0,0.7980769230769231,4.314414351502849,0.009615384615384614,1.0,1.000000238418579
29,"have a variety of derivational prefixes, many have infixes, but suffixes are almost completely non-existent",0.7,104.0,0.7884615384615384,4.277692380255072,0.0,1.0,1.0000001192092896
29,"have a variety of derivational prefixes, many have infixes, but suffixes are almost completely non-existent",0.75,101.0,0.9603960396039604,4.555037095175477,0.0,1.0,1.0000003576278687
29,"have a variety of derivational prefixes, many have infixes, but suffixes are almost completely non-existent",0.8,103.0,0.9514563106796114,4.562353066391151,0.0,1.0,1.000000238418579
29,"have a variety of derivational prefixes, many have infixes, but suffixes are almost completely non-existent",0.85,103.0,0.9611650485436897,4.575812234945713,0.0,1.0,1.0
29,"have a variety of derivational prefixes, many have infixes, but suffixes are almost completely non-existent",0.9,105.0,0.9714285714285713,4.6093686241849126,0.0,1.0,1.0
29,"have a variety of derivational prefixes, many have infixes, but suffixes are almost completely non-existent",0.95,105.0,0.9714285714285713,4.6093686241849126,0.0,1.0,1.0000001192092896
29,"have a variety of derivational prefixes, many have infixes, but suffixes are almost completely non-existent",1.0,112.0,0.9285714285714285,4.602428358850062,0.0,1.0,1.0000005960464478
30,"ica and Asia. Due to concerns that ""Afroasiatic"" could imply the inclusion of all languages spoken across Africa and Asia, the name ""Afrasian"" () w",0.0,117.0,0.46153846153846156,3.7289137763833673,0.017094017094017096,1.0,0.9999998807907104
30,"ica and Asia. Due to concerns that ""Afroasiatic"" could imply the inclusion of all languages spoken across Africa and Asia, the name ""Afrasian"" () w",0.05,117.0,0.46153846153846156,3.768143376403932,0.008547008547008548,1.0,1.0000001192092896
30,"ica and Asia. Due to concerns that ""Afroasiatic"" could imply the inclusion of all languages spoken across Africa and Asia, the name ""Afrasian"" () w",0.1,117.0,0.5299145299145299,3.9012299659815106,0.017094017094017096,1.0,1.0
30,"ica and Asia. Due to concerns that ""Afroasiatic"" could imply the inclusion of all languages spoken across Africa and Asia, the name ""Afrasian"" () w",0.15,117.0,0.5213675213675214,3.827539759916177,0.008547008547008548,1.0,1.0000001192092896
30,"ica and Asia. Due to concerns that ""Afroasiatic"" could imply the inclusion of all languages spoken across Africa and Asia, the name ""Afrasian"" () w",0.2,117.0,0.43589743589743596,3.697117614231851,0.008547008547008548,1.0,1.0
30,"ica and Asia. Due to concerns that ""Afroasiatic"" could imply the inclusion of all languages spoken across Africa and Asia, the name ""Afrasian"" () w",0.25,114.0,0.5350877192982455,3.8450704971233756,0.0,1.0,1.0
30,"ica and Asia. Due to concerns that ""Afroasiatic"" could imply the inclusion of all languages spoken across Africa and Asia, the name ""Afrasian"" () w",0.3,117.0,0.5641025641025641,3.946601837781652,0.008547008547008548,1.0,1.0000001192092896
30,"ica and Asia. Due to concerns that ""Afroasiatic"" could imply the inclusion of all languages spoken across Africa and Asia, the name ""Afrasian"" () w",0.35,116.0,0.6120689655172414,4.051480164049868,0.0,1.0,0.9999998807907104
30,"ica and Asia. Due to concerns that ""Afroasiatic"" could imply the inclusion of all languages spoken across Africa and Asia, the name ""Afrasian"" () w",0.4,118.0,0.6440677966101694,4.11484555933921,0.008474576271186442,1.0,1.0000005960464478
30,"ica and Asia. Due to concerns that ""Afroasiatic"" could imply the inclusion of all languages spoken across Africa and Asia, the name ""Afrasian"" () w",0.45,117.0,0.7008547008547007,4.2547621143673,0.008547008547008548,1.0,1.0
30,"ica and Asia. Due to concerns that ""Afroasiatic"" could imply the inclusion of all languages spoken across Africa and Asia, the name ""Afrasian"" () w",0.5,117.0,0.7435897435897438,4.341430337762416,0.0,1.0,1.0000004768371582
30,"ica and Asia. Due to concerns that ""Afroasiatic"" could imply the inclusion of all languages spoken across Africa and Asia, the name ""Afrasian"" () w",0.55,117.0,0.5128205128205128,3.9781551800302744,0.008547008547008548,1.0,1.0
30,"ica and Asia. Due to concerns that ""Afroasiatic"" could imply the inclusion of all languages spoken across Africa and Asia, the name ""Afrasian"" () w",0.6,116.0,0.7586206896551724,4.359964437808249,0.0,1.0,1.000000238418579
30,"ica and Asia. Due to concerns that ""Afroasiatic"" could imply the inclusion of all languages spoken across Africa and Asia, the name ""Afrasian"" () w",0.65,117.0,0.8034188034188036,4.426092010098709,0.008547008547008548,1.0,1.000000238418579
30,"ica and Asia. Due to concerns that ""Afroasiatic"" could imply the inclusion of all languages spoken across Africa and Asia, the name ""Afrasian"" () w",0.7,115.0,0.8782608695652174,4.57161587445505,0.0,1.0,1.000000238418579
30,"ica and Asia. Due to concerns that ""Afroasiatic"" could imply the inclusion of all languages spoken across Africa and Asia, the name ""Afrasian"" () w",0.75,117.0,0.8717948717948719,4.560746548994008,0.0,1.0,0.9999999403953552
30,"ica and Asia. Due to concerns that ""Afroasiatic"" could imply the inclusion of all languages spoken across Africa and Asia, the name ""Afrasian"" () w",0.8,116.0,0.9310344827586204,4.653472923582884,0.0,1.0,1.000000238418579
30,"ica and Asia. Due to concerns that ""Afroasiatic"" could imply the inclusion of all languages spoken across Africa and Asia, the name ""Afrasian"" () w",0.85,120.0,0.9416666666666667,4.702264170518679,0.0,1.0,0.9999999403953552
30,"ica and Asia. Due to concerns that ""Afroasiatic"" could imply the inclusion of all languages spoken across Africa and Asia, the name ""Afrasian"" () w",0.9,118.0,0.9491525423728815,4.69576077437682,0.0,1.0,0.9999998807907104
30,"ica and Asia. Due to concerns that ""Afroasiatic"" could imply the inclusion of all languages spoken across Africa and Asia, the name ""Afrasian"" () w",0.95,119.0,0.9579831932773109,4.720875830879602,0.0,1.0,0.9999998211860657
30,"ica and Asia. Due to concerns that ""Afroasiatic"" could imply the inclusion of all languages spoken across Africa and Asia, the name ""Afrasian"" () w",1.0,124.0,0.9274193548387094,4.715443683396619,0.0,1.0,0.9999998807907104
31,"tain groups formed to help victims of oppression in Nazi-occupied countries, while participating in smuggling to help Andorra survive. Among the most prominent was th",0.0,111.0,0.3063063063063062,2.9495387232559986,0.0,1.0,1.0000001192092896
31,"tain groups formed to help victims of oppression in Nazi-occupied countries, while participating in smuggling to help Andorra survive. Among the most prominent was th",0.05,111.0,0.45045045045045046,3.6888057420023315,0.009009009009009007,1.0,1.0000001192092896
31,"tain groups formed to help victims of oppression in Nazi-occupied countries, while participating in smuggling to help Andorra survive. Among the most prominent was th",0.1,111.0,0.4594594594594595,3.718876389246708,0.018018018018018014,1.0,0.9999999403953552
31,"tain groups formed to help victims of oppression in Nazi-occupied countries, while participating in smuggling to help Andorra survive. Among the most prominent was th",0.15,111.0,0.5135135135135136,3.8696138295101092,0.018018018018018014,1.0,1.0000001192092896
31,"tain groups formed to help victims of oppression in Nazi-occupied countries, while participating in smuggling to help Andorra survive. Among the most prominent was th",0.2,111.0,0.6576576576576578,4.115450438906758,0.009009009009009007,1.0,1.000000238418579
31,"tain groups formed to help victims of oppression in Nazi-occupied countries, while participating in smuggling to help Andorra survive. Among the most prominent was th",0.25,111.0,0.7027027027027029,4.181057365488688,0.009009009009009007,1.0,1.0000001192092896
31,"tain groups formed to help victims of oppression in Nazi-occupied countries, while participating in smuggling to help Andorra survive. Among the most prominent was th",0.3,111.0,0.6216216216216215,4.026373766852585,0.0,1.0,1.000000238418579
31,"tain groups formed to help victims of oppression in Nazi-occupied countries, while participating in smuggling to help Andorra survive. Among the most prominent was th",0.35,110.0,0.6454545454545453,4.051218460315537,0.0,1.0,1.0000001192092896
31,"tain groups formed to help victims of oppression in Nazi-occupied countries, while participating in smuggling to help Andorra survive. Among the most prominent was th",0.4,111.0,0.8288288288288289,4.393996334930851,0.0,1.0,1.0
31,"tain groups formed to help victims of oppression in Nazi-occupied countries, while participating in smuggling to help Andorra survive. Among the most prominent was th",0.45,111.0,0.7927927927927929,4.363056877236361,0.0,1.0,1.000000238418579
31,"tain groups formed to help victims of oppression in Nazi-occupied countries, while participating in smuggling to help Andorra survive. Among the most prominent was th",0.5,110.0,0.7818181818181817,4.326281218286679,0.0,1.0,1.000000238418579
31,"tain groups formed to help victims of oppression in Nazi-occupied countries, while participating in smuggling to help Andorra survive. Among the most prominent was th",0.55,112.0,0.7678571428571428,4.3006934230407605,0.0,1.0,1.0
31,"tain groups formed to help victims of oppression in Nazi-occupied countries, while participating in smuggling to help Andorra survive. Among the most prominent was th",0.6,111.0,0.6576576576576578,3.926703692970554,0.009009009009009007,1.0,1.0000001192092896
31,"tain groups formed to help victims of oppression in Nazi-occupied countries, while participating in smuggling to help Andorra survive. Among the most prominent was th",0.65,109.0,0.8165137614678899,4.412979735979415,0.0,1.0,1.000000238418579
31,"tain groups formed to help victims of oppression in Nazi-occupied countries, while participating in smuggling to help Andorra survive. Among the most prominent was th",0.7,111.0,0.9099099099099099,4.572149679039195,0.0,1.0,1.0000001192092896
31,"tain groups formed to help victims of oppression in Nazi-occupied countries, while participating in smuggling to help Andorra survive. Among the most prominent was th",0.75,111.0,0.8288288288288289,4.450319539060742,0.0,1.0,1.0
31,"tain groups formed to help victims of oppression in Nazi-occupied countries, while participating in smuggling to help Andorra survive. Among the most prominent was th",0.8,110.0,0.8909090909090909,4.544491452363293,0.0,1.0,1.000000238418579
31,"tain groups formed to help victims of oppression in Nazi-occupied countries, while participating in smuggling to help Andorra survive. Among the most prominent was th",0.85,110.0,0.8909090909090909,4.516989086350063,0.0,1.0,1.0000001192092896
31,"tain groups formed to help victims of oppression in Nazi-occupied countries, while participating in smuggling to help Andorra survive. Among the most prominent was th",0.9,112.0,0.9464285714285717,4.639561243522918,0.0,1.0,1.0000005960464478
31,"tain groups formed to help victims of oppression in Nazi-occupied countries, while participating in smuggling to help Andorra survive. Among the most prominent was th",0.95,112.0,0.9642857142857144,4.668988358397956,0.0,1.0,1.0
31,"tain groups formed to help victims of oppression in Nazi-occupied countries, while participating in smuggling to help Andorra survive. Among the most prominent was th",1.0,114.0,0.9035087719298247,4.580485728306688,0.0,1.0,1.0000005960464478
32,hich all weights are equal to the same number ( in the above example and  in a situation wi,0.0,101.0,0.34653465346534656,2.9676385573001918,0.019801980198019806,1.0,1.0000001192092896
32,hich all weights are equal to the same number ( in the above example and  in a situation wi,0.05,101.0,0.2772277227722773,2.906946526956624,0.03960396039603961,1.0,0.9999995231628418
32,hich all weights are equal to the same number ( in the above example and  in a situation wi,0.1,100.0,0.2800000000000001,2.8653234773295773,0.030000000000000006,1.0,0.9999997615814209
32,hich all weights are equal to the same number ( in the above example and  in a situation wi,0.15,101.0,0.3663366336633664,3.1869588934449755,0.019801980198019806,1.0,0.9999998807907104
32,hich all weights are equal to the same number ( in the above example and  in a situation wi,0.2,101.0,0.4257425742574258,3.4575139892983295,0.0,1.0,1.0000001192092896
32,hich all weights are equal to the same number ( in the above example and  in a situation wi,0.25,101.0,0.28712871287128716,2.0594175944286497,0.0,1.0,1.0000001192092896
32,hich all weights are equal to the same number ( in the above example and  in a situation wi,0.3,101.0,0.2673267326732674,3.185147397082008,0.0,1.0,1.0000001192092896
32,hich all weights are equal to the same number ( in the above example and  in a situation wi,0.35,101.0,0.306930693069307,3.1755387958487633,0.0,1.0,1.0000003576278687
32,hich all weights are equal to the same number ( in the above example and  in a situation wi,0.4,100.0,0.6400000000000001,3.9410413520171472,0.0,1.0,0.9999995231628418
32,hich all weights are equal to the same number ( in the above example and  in a situation wi,0.45,101.0,0.6039603960396038,3.867113698533543,0.0,1.0,0.9999998211860657
32,hich all weights are equal to the same number ( in the above example and  in a situation wi,0.5,101.0,0.5544554455445546,3.6906733860676857,0.019801980198019806,1.0,0.9999997615814209
32,hich all weights are equal to the same number ( in the above example and  in a situation wi,0.55,98.0,0.7755102040816325,4.229449018485153,0.0,1.0,1.0
32,hich all weights are equal to the same number ( in the above example and  in a situation wi,0.6,101.0,0.7821782178217822,4.264981336228036,0.0,1.0,1.000000238418579
32,hich all weights are equal to the same number ( in the above example and  in a situation wi,0.65,100.0,0.7899999999999998,4.256762095006379,0.010000000000000002,1.0,1.0000003576278687
32,hich all weights are equal to the same number ( in the above example and  in a situation wi,0.7,101.0,0.8811881188118813,4.431505914481624,0.02970297029702971,1.0,1.000000238418579
32,hich all weights are equal to the same number ( in the above example and  in a situation wi,0.75,103.0,0.9417475728155338,4.548893897836589,0.0,1.0,1.0000001192092896
32,hich all weights are equal to the same number ( in the above example and  in a situation wi,0.8,104.0,0.9615384615384613,4.591071885252146,0.0,1.0,1.0
32,hich all weights are equal to the same number ( in the above example and  in a situation wi,0.85,103.0,0.9805825242718449,4.607810651120512,0.0,1.0,1.0000001192092896
32,hich all weights are equal to the same number ( in the above example and  in a situation wi,0.9,105.0,0.9619047619047618,4.6011491364005765,0.0,1.0,1.0
32,hich all weights are equal to the same number ( in the above example and  in a situation wi,0.95,105.0,0.9714285714285713,4.614351939839812,0.0,1.0,1.0
32,hich all weights are equal to the same number ( in the above example and  in a situation wi,1.0,111.0,0.9459459459459462,4.629881423740409,0.0,1.0,0.9999998211860657
33,"Ben Roethlisberger - in the Super Bowl. The AFC has started 7 quarterbacks in the last 20 Super Bowls, while the NFC has started 16.  Logo",0.0,114.0,0.45614035087719296,3.3492162059547312,0.017543859649122806,1.0,1.000000238418579
33,"Ben Roethlisberger - in the Super Bowl. The AFC has started 7 quarterbacks in the last 20 Super Bowls, while the NFC has started 16.  Logo",0.05,114.0,0.4035087719298246,3.4814706033030887,0.008771929824561403,1.0,1.0000001192092896
33,"Ben Roethlisberger - in the Super Bowl. The AFC has started 7 quarterbacks in the last 20 Super Bowls, while the NFC has started 16.  Logo",0.1,113.0,0.6902654867256638,4.146829804965188,0.026548672566371685,1.0,0.9999999403953552
33,"Ben Roethlisberger - in the Super Bowl. The AFC has started 7 quarterbacks in the last 20 Super Bowls, while the NFC has started 16.  Logo",0.15,114.0,0.517543859649123,3.752393262253077,0.008771929824561403,1.0,0.9999999403953552
33,"Ben Roethlisberger - in the Super Bowl. The AFC has started 7 quarterbacks in the last 20 Super Bowls, while the NFC has started 16.  Logo",0.2,114.0,0.5087719298245614,3.883275182166515,0.017543859649122806,1.0,1.000000238418579
33,"Ben Roethlisberger - in the Super Bowl. The AFC has started 7 quarterbacks in the last 20 Super Bowls, while the NFC has started 16.  Logo",0.25,114.0,0.6228070175438597,3.989395305561284,0.008771929824561403,1.0,1.0000004768371582
33,"Ben Roethlisberger - in the Super Bowl. The AFC has started 7 quarterbacks in the last 20 Super Bowls, while the NFC has started 16.  Logo",0.3,113.0,0.575221238938053,3.952394907612869,0.026548672566371685,1.0,1.000000238418579
33,"Ben Roethlisberger - in the Super Bowl. The AFC has started 7 quarterbacks in the last 20 Super Bowls, while the NFC has started 16.  Logo",0.35,114.0,0.36842105263157887,3.4515744322754074,0.03508771929824561,1.0,0.9999998211860657
33,"Ben Roethlisberger - in the Super Bowl. The AFC has started 7 quarterbacks in the last 20 Super Bowls, while the NFC has started 16.  Logo",0.4,114.0,0.6842105263157895,3.9762078421324363,0.008771929824561403,1.0,1.0
33,"Ben Roethlisberger - in the Super Bowl. The AFC has started 7 quarterbacks in the last 20 Super Bowls, while the NFC has started 16.  Logo",0.45,114.0,0.5438596491228069,3.9889745211324206,0.026315789473684202,1.0,1.0000003576278687
33,"Ben Roethlisberger - in the Super Bowl. The AFC has started 7 quarterbacks in the last 20 Super Bowls, while the NFC has started 16.  Logo",0.5,114.0,0.631578947368421,4.051543178510545,0.008771929824561403,1.0,1.000000238418579
33,"Ben Roethlisberger - in the Super Bowl. The AFC has started 7 quarterbacks in the last 20 Super Bowls, while the NFC has started 16.  Logo",0.55,114.0,0.7456140350877193,4.276376447610188,0.0,1.0,1.0000003576278687
33,"Ben Roethlisberger - in the Super Bowl. The AFC has started 7 quarterbacks in the last 20 Super Bowls, while the NFC has started 16.  Logo",0.6,113.0,0.8584070796460177,4.51720680801135,0.0,1.0,1.0000003576278687
33,"Ben Roethlisberger - in the Super Bowl. The AFC has started 7 quarterbacks in the last 20 Super Bowls, while the NFC has started 16.  Logo",0.65,113.0,0.8141592920353983,4.413562307670618,0.008849557522123897,1.0,0.9999998211860657
33,"Ben Roethlisberger - in the Super Bowl. The AFC has started 7 quarterbacks in the last 20 Super Bowls, while the NFC has started 16.  Logo",0.7,114.0,0.8157894736842104,4.435167211952332,0.0,1.0,1.0000001192092896
33,"Ben Roethlisberger - in the Super Bowl. The AFC has started 7 quarterbacks in the last 20 Super Bowls, while the NFC has started 16.  Logo",0.75,114.0,0.8070175438596492,4.4207903180897405,0.0,1.0,0.9999997615814209
33,"Ben Roethlisberger - in the Super Bowl. The AFC has started 7 quarterbacks in the last 20 Super Bowls, while the NFC has started 16.  Logo",0.8,114.0,0.9122807017543859,4.610003783877273,0.0,1.0,1.0000001192092896
33,"Ben Roethlisberger - in the Super Bowl. The AFC has started 7 quarterbacks in the last 20 Super Bowls, while the NFC has started 16.  Logo",0.85,113.0,0.9292035398230091,4.624612570635139,0.0,1.0,1.0000001192092896
33,"Ben Roethlisberger - in the Super Bowl. The AFC has started 7 quarterbacks in the last 20 Super Bowls, while the NFC has started 16.  Logo",0.9,115.0,0.9304347826086957,4.643944275904785,0.0,1.0,1.0000001192092896
33,"Ben Roethlisberger - in the Super Bowl. The AFC has started 7 quarterbacks in the last 20 Super Bowls, while the NFC has started 16.  Logo",0.95,115.0,0.9304347826086957,4.643944275904785,0.0,1.0,1.0
33,"Ben Roethlisberger - in the Super Bowl. The AFC has started 7 quarterbacks in the last 20 Super Bowls, while the NFC has started 16.  Logo",1.0,118.0,0.9067796610169492,4.637019487888688,0.0,1.0,1.0000001192092896
34,"aler gives a moving account, falsifying the circumstances of Boxer's death.  Mollie – A self-centred, self-indulgent,",0.0,114.0,0.2807017543859649,2.554439123832238,0.0,1.0,1.0000003576278687
34,"aler gives a moving account, falsifying the circumstances of Boxer's death.  Mollie – A self-centred, self-indulgent,",0.05,114.0,0.2894736842105264,2.6913099956882722,0.0,1.0,1.000000238418579
34,"aler gives a moving account, falsifying the circumstances of Boxer's death.  Mollie – A self-centred, self-indulgent,",0.1,114.0,0.29824561403508765,2.6601991690972033,0.0,1.0,0.9999998807907104
34,"aler gives a moving account, falsifying the circumstances of Boxer's death.  Mollie – A self-centred, self-indulgent,",0.15,114.0,0.41228070175438597,3.141607588654699,0.0,1.0,1.0000005960464478
34,"aler gives a moving account, falsifying the circumstances of Boxer's death.  Mollie – A self-centred, self-indulgent,",0.2,114.0,0.46491228070175444,3.6183569115597742,0.0,1.0,0.9999999403953552
34,"aler gives a moving account, falsifying the circumstances of Boxer's death.  Mollie – A self-centred, self-indulgent,",0.25,115.0,0.6521739130434783,4.06302340769283,0.0,1.0,1.0000003576278687
34,"aler gives a moving account, falsifying the circumstances of Boxer's death.  Mollie – A self-centred, self-indulgent,",0.3,114.0,0.5263157894736843,3.6954585210563664,0.0,1.0,1.0000001192092896
34,"aler gives a moving account, falsifying the circumstances of Boxer's death.  Mollie – A self-centred, self-indulgent,",0.35,114.0,0.649122807017544,4.068136489383803,0.0,1.0,1.0
34,"aler gives a moving account, falsifying the circumstances of Boxer's death.  Mollie – A self-centred, self-indulgent,",0.4,114.0,0.6578947368421055,4.147217782184102,0.0,1.0,1.0
34,"aler gives a moving account, falsifying the circumstances of Boxer's death.  Mollie – A self-centred, self-indulgent,",0.45,114.0,0.7192982456140349,4.251307910008132,0.0,1.0,0.9999998211860657
34,"aler gives a moving account, falsifying the circumstances of Boxer's death.  Mollie – A self-centred, self-indulgent,",0.5,114.0,0.7368421052631577,4.2732553847247186,0.0,1.0,1.0000003576278687
34,"aler gives a moving account, falsifying the circumstances of Boxer's death.  Mollie – A self-centred, self-indulgent,",0.55,114.0,0.8157894736842104,4.415946000716916,0.0,1.0,0.9999998211860657
34,"aler gives a moving account, falsifying the circumstances of Boxer's death.  Mollie – A self-centred, self-indulgent,",0.6,113.0,0.8495575221238939,4.471141503844192,0.0,1.0,1.0000001192092896
34,"aler gives a moving account, falsifying the circumstances of Boxer's death.  Mollie – A self-centred, self-indulgent,",0.65,114.0,0.7982456140350876,4.384054466159067,0.0,1.0,1.000000238418579
34,"aler gives a moving account, falsifying the circumstances of Boxer's death.  Mollie – A self-centred, self-indulgent,",0.7,112.0,0.8303571428571429,4.3797909174677,0.0,1.0,1.0
34,"aler gives a moving account, falsifying the circumstances of Boxer's death.  Mollie – A self-centred, self-indulgent,",0.75,115.0,0.9130434782608697,4.619834808754872,0.0,1.0,0.9999999403953552
34,"aler gives a moving account, falsifying the circumstances of Boxer's death.  Mollie – A self-centred, self-indulgent,",0.8,115.0,0.9217391304347828,4.631889542329828,0.0,1.0,1.0000001192092896
34,"aler gives a moving account, falsifying the circumstances of Boxer's death.  Mollie – A self-centred, self-indulgent,",0.85,113.0,0.8938053097345133,4.55563453503377,0.0,1.0,0.9999999403953552
34,"aler gives a moving account, falsifying the circumstances of Boxer's death.  Mollie – A self-centred, self-indulgent,",0.9,115.0,0.9652173913043475,4.692163210204607,0.0,1.0,1.0000001192092896
34,"aler gives a moving account, falsifying the circumstances of Boxer's death.  Mollie – A self-centred, self-indulgent,",0.95,117.0,0.9572649572649572,4.698458379674987,0.0,1.0,1.0
34,"aler gives a moving account, falsifying the circumstances of Boxer's death.  Mollie – A self-centred, self-indulgent,",1.0,128.0,0.9375,4.761298990226463,0.0,1.0,1.0
35,"r time in the water. They had started to develop lungs, but still breathed predominantly with",0.0,98.0,0.4387755102040816,3.477353045827642,0.03061224489795919,1.0,1.0
35,"r time in the water. They had started to develop lungs, but still breathed predominantly with",0.05,98.0,0.4591836734693878,3.4645896405640015,0.020408163265306124,1.0,1.0
35,"r time in the water. They had started to develop lungs, but still breathed predominantly with",0.1,98.0,0.41836734693877553,3.507916269316398,0.03061224489795919,1.0,1.0000001192092896
35,"r time in the water. They had started to develop lungs, but still breathed predominantly with",0.15,98.0,0.5816326530612244,3.75907443693443,0.05102040816326529,1.0,0.9999998211860657
35,"r time in the water. They had started to develop lungs, but still breathed predominantly with",0.2,98.0,0.7040816326530612,4.080072862422099,0.020408163265306124,1.0,0.9999999403953552
35,"r time in the water. They had started to develop lungs, but still breathed predominantly with",0.25,98.0,0.510204081632653,3.7280217295182205,0.020408163265306124,1.0,1.0000001192092896
35,"r time in the water. They had started to develop lungs, but still breathed predominantly with",0.3,98.0,0.6632653061224489,3.9355767166822586,0.010204081632653062,1.0,0.9999999403953552
35,"r time in the water. They had started to develop lungs, but still breathed predominantly with",0.35,98.0,0.6326530612244898,3.903111326224375,0.0,1.0,1.0
35,"r time in the water. They had started to develop lungs, but still breathed predominantly with",0.4,98.0,0.6122448979591836,3.887963164317243,0.010204081632653062,1.0,1.0000001192092896
35,"r time in the water. They had started to develop lungs, but still breathed predominantly with",0.45,98.0,0.6632653061224489,4.00259160846855,0.0,1.0,1.000000238418579
35,"r time in the water. They had started to develop lungs, but still breathed predominantly with",0.5,98.0,0.7755102040816325,4.196000734804835,0.010204081632653062,1.0,1.0000001192092896
35,"r time in the water. They had started to develop lungs, but still breathed predominantly with",0.55,98.0,0.7551020408163266,4.164241685867788,0.010204081632653062,1.0,1.000000238418579
35,"r time in the water. They had started to develop lungs, but still breathed predominantly with",0.6,98.0,0.7551020408163266,4.180965827707947,0.0,1.0,0.9999998807907104
35,"r time in the water. They had started to develop lungs, but still breathed predominantly with",0.65,98.0,0.8163265306122447,4.291371728569276,0.0,1.0,0.9999998807907104
35,"r time in the water. They had started to develop lungs, but still breathed predominantly with",0.7,98.0,0.8775510204081632,4.415217148737523,0.0,1.0,1.000000238418579
35,"r time in the water. They had started to develop lungs, but still breathed predominantly with",0.75,98.0,0.8571428571428571,4.367440299481155,0.0,1.0,0.9999999403953552
35,"r time in the water. They had started to develop lungs, but still breathed predominantly with",0.8,98.0,0.8673469387755102,4.3903927543635515,0.0,1.0,1.000000238418579
35,"r time in the water. They had started to develop lungs, but still breathed predominantly with",0.85,97.0,0.9793814432989689,4.546127589614311,0.010309278350515462,1.0,1.0000001192092896
35,"r time in the water. They had started to develop lungs, but still breathed predominantly with",0.9,98.0,0.9591836734693875,4.5230447685864466,0.0,1.0,1.0000004768371582
35,"r time in the water. They had started to develop lungs, but still breathed predominantly with",0.95,100.0,0.9800000000000001,4.577444298765694,0.0,1.0,1.0
35,"r time in the water. They had started to develop lungs, but still breathed predominantly with",1.0,99.0,0.9595959595959593,4.5338226219705104,0.0,1.0,1.000000238418579
36,Alaskan Independence Party ticket just long enough to be reelected. He officially rejoined the Republican party,0.0,101.0,0.584158415841584,3.89832760178241,0.02970297029702971,1.0,1.000000238418579
36,Alaskan Independence Party ticket just long enough to be reelected. He officially rejoined the Republican party,0.05,100.0,0.5199999999999999,3.7607120953575204,0.010000000000000002,1.0,1.0
36,Alaskan Independence Party ticket just long enough to be reelected. He officially rejoined the Republican party,0.1,101.0,0.6534653465346536,4.035008998946379,0.019801980198019806,1.0,1.0000001192092896
36,Alaskan Independence Party ticket just long enough to be reelected. He officially rejoined the Republican party,0.15,101.0,0.6930693069306931,4.062460372433902,0.02970297029702971,1.0,1.0000001192092896
36,Alaskan Independence Party ticket just long enough to be reelected. He officially rejoined the Republican party,0.2,101.0,0.47524752475247534,3.644492929020249,0.019801980198019806,1.0,1.000000238418579
36,Alaskan Independence Party ticket just long enough to be reelected. He officially rejoined the Republican party,0.25,101.0,0.5940594059405941,3.8126091439575562,0.02970297029702971,1.0,1.0
36,Alaskan Independence Party ticket just long enough to be reelected. He officially rejoined the Republican party,0.3,101.0,0.6831683168316831,4.043554010999402,0.02970297029702971,1.0,1.0000003576278687
36,Alaskan Independence Party ticket just long enough to be reelected. He officially rejoined the Republican party,0.35,101.0,0.5544554455445546,3.7818122644936936,0.009900990099009903,1.0,1.0000001192092896
36,Alaskan Independence Party ticket just long enough to be reelected. He officially rejoined the Republican party,0.4,101.0,0.801980198019802,4.3009777217685805,0.019801980198019806,1.0,1.0
36,Alaskan Independence Party ticket just long enough to be reelected. He officially rejoined the Republican party,0.45,101.0,0.7029702970297029,3.85538162699282,0.009900990099009903,1.0,1.0
36,Alaskan Independence Party ticket just long enough to be reelected. He officially rejoined the Republican party,0.5,101.0,0.712871287128713,4.127724468790422,0.02970297029702971,1.0,1.0000003576278687
36,Alaskan Independence Party ticket just long enough to be reelected. He officially rejoined the Republican party,0.55,101.0,0.801980198019802,4.2787070229717985,0.009900990099009903,1.0,1.0000001192092896
36,Alaskan Independence Party ticket just long enough to be reelected. He officially rejoined the Republican party,0.6,101.0,0.7623762376237624,4.19316584302153,0.019801980198019806,1.0,1.0000001192092896
36,Alaskan Independence Party ticket just long enough to be reelected. He officially rejoined the Republican party,0.65,101.0,0.8613861386138615,4.404054540994105,0.009900990099009903,1.0,1.0
36,Alaskan Independence Party ticket just long enough to be reelected. He officially rejoined the Republican party,0.7,100.0,0.86,4.369500144597708,0.0,1.0,0.9999998211860657
36,Alaskan Independence Party ticket just long enough to be reelected. He officially rejoined the Republican party,0.75,101.0,0.891089108910891,4.411627023286937,0.0,1.0,1.000000238418579
36,Alaskan Independence Party ticket just long enough to be reelected. He officially rejoined the Republican party,0.8,101.0,0.9603960396039604,4.560217769866214,0.0,1.0,1.0
36,Alaskan Independence Party ticket just long enough to be reelected. He officially rejoined the Republican party,0.85,101.0,0.9900990099009903,4.6013948300975,0.0,1.0,1.0000003576278687
36,Alaskan Independence Party ticket just long enough to be reelected. He officially rejoined the Republican party,0.9,100.0,0.9800000000000001,4.577444298765694,0.0,1.0,1.0000001192092896
36,Alaskan Independence Party ticket just long enough to be reelected. He officially rejoined the Republican party,0.95,101.0,0.9900990099009903,4.6013948300975,0.0,1.0,0.9999999403953552
36,Alaskan Independence Party ticket just long enough to be reelected. He officially rejoined the Republican party,1.0,107.0,0.9345794392523363,4.532570279279598,0.0,1.0,1.0000001192092896
37,"hanization replaces human labor, and assisted by synthetic fertilizers, pesticides, and selective breeding. The Haber-Bosch method allowed the synthesis of ammonium nit",0.0,114.0,0.4035087719298246,3.6765470756837244,0.0,1.0,0.9999997615814209
37,"hanization replaces human labor, and assisted by synthetic fertilizers, pesticides, and selective breeding. The Haber-Bosch method allowed the synthesis of ammonium nit",0.05,114.0,0.3947368421052631,3.6469316607148614,0.0,1.0,1.0
37,"hanization replaces human labor, and assisted by synthetic fertilizers, pesticides, and selective breeding. The Haber-Bosch method allowed the synthesis of ammonium nit",0.1,114.0,0.4385964912280701,3.7177754642140526,0.0,1.0,1.000000238418579
37,"hanization replaces human labor, and assisted by synthetic fertilizers, pesticides, and selective breeding. The Haber-Bosch method allowed the synthesis of ammonium nit",0.15,114.0,0.45614035087719296,3.728169667947499,0.0,1.0,1.0000001192092896
37,"hanization replaces human labor, and assisted by synthetic fertilizers, pesticides, and selective breeding. The Haber-Bosch method allowed the synthesis of ammonium nit",0.2,113.0,0.6283185840707965,4.020387625768864,0.017699115044247794,1.0,1.000000238418579
37,"hanization replaces human labor, and assisted by synthetic fertilizers, pesticides, and selective breeding. The Haber-Bosch method allowed the synthesis of ammonium nit",0.25,114.0,0.7192982456140349,4.253524327018795,0.008771929824561403,1.0,1.0000001192092896
37,"hanization replaces human labor, and assisted by synthetic fertilizers, pesticides, and selective breeding. The Haber-Bosch method allowed the synthesis of ammonium nit",0.3,114.0,0.675438596491228,4.155633306334575,0.017543859649122806,1.0,1.000000238418579
37,"hanization replaces human labor, and assisted by synthetic fertilizers, pesticides, and selective breeding. The Haber-Bosch method allowed the synthesis of ammonium nit",0.35,114.0,0.7543859649122807,4.2893985517057915,0.0,1.0,0.9999999403953552
37,"hanization replaces human labor, and assisted by synthetic fertilizers, pesticides, and selective breeding. The Haber-Bosch method allowed the synthesis of ammonium nit",0.4,114.0,0.7368421052631577,4.238383165310807,0.0,1.0,1.0000003576278687
37,"hanization replaces human labor, and assisted by synthetic fertilizers, pesticides, and selective breeding. The Haber-Bosch method allowed the synthesis of ammonium nit",0.45,114.0,0.6842105263157895,4.135507449224354,0.0,1.0,1.000000238418579
37,"hanization replaces human labor, and assisted by synthetic fertilizers, pesticides, and selective breeding. The Haber-Bosch method allowed the synthesis of ammonium nit",0.5,114.0,0.7280701754385964,4.273000963349831,0.0,1.0,1.000000238418579
37,"hanization replaces human labor, and assisted by synthetic fertilizers, pesticides, and selective breeding. The Haber-Bosch method allowed the synthesis of ammonium nit",0.55,114.0,0.5263157894736843,3.716272913547828,0.0,1.0,1.0000001192092896
37,"hanization replaces human labor, and assisted by synthetic fertilizers, pesticides, and selective breeding. The Haber-Bosch method allowed the synthesis of ammonium nit",0.6,113.0,0.8318584070796462,4.453630318234223,0.008849557522123897,1.0,1.0000001192092896
37,"hanization replaces human labor, and assisted by synthetic fertilizers, pesticides, and selective breeding. The Haber-Bosch method allowed the synthesis of ammonium nit",0.65,114.0,0.7017543859649124,4.082652661462621,0.0,1.0,0.9999997615814209
37,"hanization replaces human labor, and assisted by synthetic fertilizers, pesticides, and selective breeding. The Haber-Bosch method allowed the synthesis of ammonium nit",0.7,113.0,0.8407079646017698,4.438098491053269,0.0,1.0,1.000000238418579
37,"hanization replaces human labor, and assisted by synthetic fertilizers, pesticides, and selective breeding. The Haber-Bosch method allowed the synthesis of ammonium nit",0.75,114.0,0.9035087719298247,4.593253411027407,0.008771929824561403,1.0,1.000000238418579
37,"hanization replaces human labor, and assisted by synthetic fertilizers, pesticides, and selective breeding. The Haber-Bosch method allowed the synthesis of ammonium nit",0.8,114.0,0.9035087719298247,4.537040922765698,0.0,1.0,1.0000001192092896
37,"hanization replaces human labor, and assisted by synthetic fertilizers, pesticides, and selective breeding. The Haber-Bosch method allowed the synthesis of ammonium nit",0.85,113.0,0.9292035398230091,4.615351541541964,0.0,1.0,0.9999998807907104
37,"hanization replaces human labor, and assisted by synthetic fertilizers, pesticides, and selective breeding. The Haber-Bosch method allowed the synthesis of ammonium nit",0.9,111.0,0.9549549549549553,4.6423705621288756,0.0,1.0,0.9999998807907104
37,"hanization replaces human labor, and assisted by synthetic fertilizers, pesticides, and selective breeding. The Haber-Bosch method allowed the synthesis of ammonium nit",0.95,115.0,0.9565217391304346,4.680108476629652,0.0,1.0,1.0000001192092896
37,"hanization replaces human labor, and assisted by synthetic fertilizers, pesticides, and selective breeding. The Haber-Bosch method allowed the synthesis of ammonium nit",1.0,122.0,0.9508196721311473,4.731553714319455,0.0,1.0,1.0
38,"general semantics and ""the nonverbal world of culturally uncontaminated consciousness,"" writing that ""We must learn ho",0.0,102.0,0.6274509803921567,3.99037565284634,0.019607843137254898,1.0,1.0000003576278687
38,"general semantics and ""the nonverbal world of culturally uncontaminated consciousness,"" writing that ""We must learn ho",0.05,102.0,0.5098039215686274,3.7253914762788574,0.019607843137254898,1.0,1.0000007152557373
38,"general semantics and ""the nonverbal world of culturally uncontaminated consciousness,"" writing that ""We must learn ho",0.1,102.0,0.5,3.8041099517380474,0.019607843137254898,1.0,1.000000238418579
38,"general semantics and ""the nonverbal world of culturally uncontaminated consciousness,"" writing that ""We must learn ho",0.15,102.0,0.5784313725490196,3.945151047374945,0.019607843137254898,1.0,1.000000238418579
38,"general semantics and ""the nonverbal world of culturally uncontaminated consciousness,"" writing that ""We must learn ho",0.2,102.0,0.6470588235294117,3.9876141275918995,0.009803921568627449,1.0,1.000000238418579
38,"general semantics and ""the nonverbal world of culturally uncontaminated consciousness,"" writing that ""We must learn ho",0.25,102.0,0.6078431372549018,3.9529336429466455,0.009803921568627449,1.0,1.0000003576278687
38,"general semantics and ""the nonverbal world of culturally uncontaminated consciousness,"" writing that ""We must learn ho",0.3,102.0,0.676470588235294,4.100903152445681,0.019607843137254898,1.0,0.9999997615814209
38,"general semantics and ""the nonverbal world of culturally uncontaminated consciousness,"" writing that ""We must learn ho",0.35,102.0,0.7254901960784312,4.150137753433084,0.009803921568627449,1.0,1.0000001192092896
38,"general semantics and ""the nonverbal world of culturally uncontaminated consciousness,"" writing that ""We must learn ho",0.4,102.0,0.8039215686274511,4.288701677116886,0.0,1.0,1.0000005960464478
38,"general semantics and ""the nonverbal world of culturally uncontaminated consciousness,"" writing that ""We must learn ho",0.45,102.0,0.7450980392156865,4.222103354886341,0.0,1.0,0.9999999403953552
38,"general semantics and ""the nonverbal world of culturally uncontaminated consciousness,"" writing that ""We must learn ho",0.5,102.0,0.7549019607843135,4.198518172710925,0.019607843137254898,1.0,1.0000001192092896
38,"general semantics and ""the nonverbal world of culturally uncontaminated consciousness,"" writing that ""We must learn ho",0.55,102.0,0.8039215686274511,4.313909849535834,0.0,1.0,1.0000001192092896
38,"general semantics and ""the nonverbal world of culturally uncontaminated consciousness,"" writing that ""We must learn ho",0.6,102.0,0.8039215686274511,4.315708379635579,0.009803921568627449,1.0,0.9999998807907104
38,"general semantics and ""the nonverbal world of culturally uncontaminated consciousness,"" writing that ""We must learn ho",0.65,102.0,0.8529411764705882,4.407514874285072,0.0,1.0,1.0
38,"general semantics and ""the nonverbal world of culturally uncontaminated consciousness,"" writing that ""We must learn ho",0.7,102.0,0.8921568627450979,4.451619591510077,0.0,1.0,0.9999999403953552
38,"general semantics and ""the nonverbal world of culturally uncontaminated consciousness,"" writing that ""We must learn ho",0.75,101.0,0.891089108910891,4.445231601225386,0.0,1.0,1.0
38,"general semantics and ""the nonverbal world of culturally uncontaminated consciousness,"" writing that ""We must learn ho",0.8,101.0,0.9603960396039604,4.555037095175477,0.0,1.0,1.0000001192092896
38,"general semantics and ""the nonverbal world of culturally uncontaminated consciousness,"" writing that ""We must learn ho",0.85,102.0,0.9411764705882353,4.5382962023971745,0.019607843137254898,1.0,1.000000238418579
38,"general semantics and ""the nonverbal world of culturally uncontaminated consciousness,"" writing that ""We must learn ho",0.9,104.0,0.9711538461538461,4.604401638724452,0.0,1.0,1.000000238418579
38,"general semantics and ""the nonverbal world of culturally uncontaminated consciousness,"" writing that ""We must learn ho",0.95,107.0,0.9906542056074766,4.659872812395366,0.0,1.0,1.0000004768371582
38,"general semantics and ""the nonverbal world of culturally uncontaminated consciousness,"" writing that ""We must learn ho",1.0,110.0,0.9545454545454544,4.637466985741511,0.0,1.0,1.0000004768371582
39,"orvettes developed by Turkey  Ada or Ardor: A Family Chronicle, novel by Vladimir Nabokov  Dangme language, spoken in Ghana (ISO 639-2 and 639-3 code ""ada"")  Ada Health GmbH, a symptom checker",0.0,137.0,0.5328467153284673,4.081805331619637,0.0072992700729927005,1.0,1.000000238418579
39,"orvettes developed by Turkey  Ada or Ardor: A Family Chronicle, novel by Vladimir Nabokov  Dangme language, spoken in Ghana (ISO 639-2 and 639-3 code ""ada"")  Ada Health GmbH, a symptom checker",0.05,137.0,0.3649635036496351,3.5122697695345684,0.0,1.0,1.0
39,"orvettes developed by Turkey  Ada or Ardor: A Family Chronicle, novel by Vladimir Nabokov  Dangme language, spoken in Ghana (ISO 639-2 and 639-3 code ""ada"")  Ada Health GmbH, a symptom checker",0.1,137.0,0.35766423357664234,3.4650118968867956,0.0,1.0,1.0000001192092896
39,"orvettes developed by Turkey  Ada or Ardor: A Family Chronicle, novel by Vladimir Nabokov  Dangme language, spoken in Ghana (ISO 639-2 and 639-3 code ""ada"")  Ada Health GmbH, a symptom checker",0.15,137.0,0.43065693430656926,3.691466956074474,0.0,1.0,1.0000001192092896
39,"orvettes developed by Turkey  Ada or Ardor: A Family Chronicle, novel by Vladimir Nabokov  Dangme language, spoken in Ghana (ISO 639-2 and 639-3 code ""ada"")  Ada Health GmbH, a symptom checker",0.2,137.0,0.5474452554744524,3.871903829478928,0.0,1.0,1.000000238418579
39,"orvettes developed by Turkey  Ada or Ardor: A Family Chronicle, novel by Vladimir Nabokov  Dangme language, spoken in Ghana (ISO 639-2 and 639-3 code ""ada"")  Ada Health GmbH, a symptom checker",0.25,137.0,0.5547445255474452,3.996974279535764,0.0,1.0,0.9999998807907104
39,"orvettes developed by Turkey  Ada or Ardor: A Family Chronicle, novel by Vladimir Nabokov  Dangme language, spoken in Ghana (ISO 639-2 and 639-3 code ""ada"")  Ada Health GmbH, a symptom checker",0.3,137.0,0.5839416058394159,4.135714079651184,0.0,1.0,1.0000001192092896
39,"orvettes developed by Turkey  Ada or Ardor: A Family Chronicle, novel by Vladimir Nabokov  Dangme language, spoken in Ghana (ISO 639-2 and 639-3 code ""ada"")  Ada Health GmbH, a symptom checker",0.35,137.0,0.7007299270072991,4.383281617267047,0.014598540145985401,1.0,1.0000004768371582
39,"orvettes developed by Turkey  Ada or Ardor: A Family Chronicle, novel by Vladimir Nabokov  Dangme language, spoken in Ghana (ISO 639-2 and 639-3 code ""ada"")  Ada Health GmbH, a symptom checker",0.4,136.0,0.7205882352941176,4.436707015407604,0.014705882352941176,1.0,0.9999997615814209
39,"orvettes developed by Turkey  Ada or Ardor: A Family Chronicle, novel by Vladimir Nabokov  Dangme language, spoken in Ghana (ISO 639-2 and 639-3 code ""ada"")  Ada Health GmbH, a symptom checker",0.45,135.0,0.7481481481481482,4.443621283751195,0.014814814814814819,1.0,0.9999999403953552
39,"orvettes developed by Turkey  Ada or Ardor: A Family Chronicle, novel by Vladimir Nabokov  Dangme language, spoken in Ghana (ISO 639-2 and 639-3 code ""ada"")  Ada Health GmbH, a symptom checker",0.5,137.0,0.7591240875912408,4.402283367467328,0.0072992700729927005,1.0,0.9999998807907104
39,"orvettes developed by Turkey  Ada or Ardor: A Family Chronicle, novel by Vladimir Nabokov  Dangme language, spoken in Ghana (ISO 639-2 and 639-3 code ""ada"")  Ada Health GmbH, a symptom checker",0.55,137.0,0.751824817518248,4.483446571304527,0.0072992700729927005,1.0,1.0000001192092896
39,"orvettes developed by Turkey  Ada or Ardor: A Family Chronicle, novel by Vladimir Nabokov  Dangme language, spoken in Ghana (ISO 639-2 and 639-3 code ""ada"")  Ada Health GmbH, a symptom checker",0.6,136.0,0.8382352941176471,4.66531690921234,0.0,1.0,1.0000003576278687
39,"orvettes developed by Turkey  Ada or Ardor: A Family Chronicle, novel by Vladimir Nabokov  Dangme language, spoken in Ghana (ISO 639-2 and 639-3 code ""ada"")  Ada Health GmbH, a symptom checker",0.65,137.0,0.8686131386861314,4.7099635279454475,0.0,1.0,1.0
39,"orvettes developed by Turkey  Ada or Ardor: A Family Chronicle, novel by Vladimir Nabokov  Dangme language, spoken in Ghana (ISO 639-2 and 639-3 code ""ada"")  Ada Health GmbH, a symptom checker",0.7,137.0,0.8321167883211679,4.658029791625935,0.0072992700729927005,1.0,1.0000001192092896
39,"orvettes developed by Turkey  Ada or Ardor: A Family Chronicle, novel by Vladimir Nabokov  Dangme language, spoken in Ghana (ISO 639-2 and 639-3 code ""ada"")  Ada Health GmbH, a symptom checker",0.75,137.0,0.854014598540146,4.689725654060485,0.014598540145985401,1.0,1.000000238418579
39,"orvettes developed by Turkey  Ada or Ardor: A Family Chronicle, novel by Vladimir Nabokov  Dangme language, spoken in Ghana (ISO 639-2 and 639-3 code ""ada"")  Ada Health GmbH, a symptom checker",0.8,138.0,0.8478260869565218,4.686790365356461,0.0,1.0,0.9999999403953552
39,"orvettes developed by Turkey  Ada or Ardor: A Family Chronicle, novel by Vladimir Nabokov  Dangme language, spoken in Ghana (ISO 639-2 and 639-3 code ""ada"")  Ada Health GmbH, a symptom checker",0.85,138.0,0.898550724637681,4.7752401671356655,0.0,1.0,0.9999997615814209
39,"orvettes developed by Turkey  Ada or Ardor: A Family Chronicle, novel by Vladimir Nabokov  Dangme language, spoken in Ghana (ISO 639-2 and 639-3 code ""ada"")  Ada Health GmbH, a symptom checker",0.9,137.0,0.9197080291970803,4.794734353001826,0.0,1.0,1.0000003576278687
39,"orvettes developed by Turkey  Ada or Ardor: A Family Chronicle, novel by Vladimir Nabokov  Dangme language, spoken in Ghana (ISO 639-2 and 639-3 code ""ada"")  Ada Health GmbH, a symptom checker",0.95,136.0,0.9191176470588234,4.788985897474197,0.0,1.0,1.0000003576278687
39,"orvettes developed by Turkey  Ada or Ardor: A Family Chronicle, novel by Vladimir Nabokov  Dangme language, spoken in Ghana (ISO 639-2 and 639-3 code ""ada"")  Ada Health GmbH, a symptom checker",1.0,143.0,0.8951048951048953,4.802792826121051,0.0,1.0,1.0000001192092896
40,"munity in the township of Champlain, Prescott and Russell County, Ontario  Aberdeen, Abbotsford, a neighbourhood in the City of Abbot",0.0,110.0,0.20909090909090908,2.712910637414331,0.0,1.0,1.0
40,"munity in the township of Champlain, Prescott and Russell County, Ontario  Aberdeen, Abbotsford, a neighbourhood in the City of Abbot",0.05,110.0,0.20909090909090908,2.712910637414331,0.0,1.0,1.0
40,"munity in the township of Champlain, Prescott and Russell County, Ontario  Aberdeen, Abbotsford, a neighbourhood in the City of Abbot",0.1,110.0,0.21818181818181817,2.762819107615302,0.0,1.0,0.9999996423721313
40,"munity in the township of Champlain, Prescott and Russell County, Ontario  Aberdeen, Abbotsford, a neighbourhood in the City of Abbot",0.15,110.0,0.2272727272727273,2.7929482880427505,0.0,1.0,0.9999998807907104
40,"munity in the township of Champlain, Prescott and Russell County, Ontario  Aberdeen, Abbotsford, a neighbourhood in the City of Abbot",0.2,110.0,0.31818181818181823,2.8859446725273856,0.00909090909090909,1.0,0.9999999403953552
40,"munity in the township of Champlain, Prescott and Russell County, Ontario  Aberdeen, Abbotsford, a neighbourhood in the City of Abbot",0.25,110.0,0.6090909090909091,3.9305027775777246,0.02727272727272727,1.0,1.000000238418579
40,"munity in the township of Champlain, Prescott and Russell County, Ontario  Aberdeen, Abbotsford, a neighbourhood in the City of Abbot",0.3,109.0,0.6238532110091745,3.9954165024756363,0.01834862385321101,1.0,0.9999999403953552
40,"munity in the township of Champlain, Prescott and Russell County, Ontario  Aberdeen, Abbotsford, a neighbourhood in the City of Abbot",0.35,110.0,0.5727272727272726,3.7329170039797113,0.0,1.0,1.0000001192092896
40,"munity in the township of Champlain, Prescott and Russell County, Ontario  Aberdeen, Abbotsford, a neighbourhood in the City of Abbot",0.4,110.0,0.5818181818181818,3.744423881146703,0.0,1.0,1.0000005960464478
40,"munity in the township of Champlain, Prescott and Russell County, Ontario  Aberdeen, Abbotsford, a neighbourhood in the City of Abbot",0.45,110.0,0.5999999999999999,3.9071279267892427,0.0,1.0,1.0000003576278687
40,"munity in the township of Champlain, Prescott and Russell County, Ontario  Aberdeen, Abbotsford, a neighbourhood in the City of Abbot",0.5,109.0,0.6605504587155963,4.022509997189184,0.0,1.0,1.0000001192092896
40,"munity in the township of Champlain, Prescott and Russell County, Ontario  Aberdeen, Abbotsford, a neighbourhood in the City of Abbot",0.55,109.0,0.6972477064220184,4.083738402165651,0.0,1.0,0.9999998807907104
40,"munity in the township of Champlain, Prescott and Russell County, Ontario  Aberdeen, Abbotsford, a neighbourhood in the City of Abbot",0.6,108.0,0.7592592592592593,4.187342335085303,0.0,1.0,1.0000001192092896
40,"munity in the township of Champlain, Prescott and Russell County, Ontario  Aberdeen, Abbotsford, a neighbourhood in the City of Abbot",0.65,110.0,0.809090909090909,4.34055162220753,0.0,1.0,1.0000001192092896
40,"munity in the township of Champlain, Prescott and Russell County, Ontario  Aberdeen, Abbotsford, a neighbourhood in the City of Abbot",0.7,110.0,0.8272727272727274,4.416167678268617,0.0,1.0,1.000000238418579
40,"munity in the township of Champlain, Prescott and Russell County, Ontario  Aberdeen, Abbotsford, a neighbourhood in the City of Abbot",0.75,110.0,0.8818181818181821,4.514529299035983,0.0,1.0,0.9999997615814209
40,"munity in the township of Champlain, Prescott and Russell County, Ontario  Aberdeen, Abbotsford, a neighbourhood in the City of Abbot",0.8,110.0,0.9090909090909092,4.557094128373475,0.0,1.0,1.0000001192092896
40,"munity in the township of Champlain, Prescott and Russell County, Ontario  Aberdeen, Abbotsford, a neighbourhood in the City of Abbot",0.85,110.0,0.9181818181818182,4.569696804383654,0.0,1.0,0.9999999403953552
40,"munity in the township of Champlain, Prescott and Russell County, Ontario  Aberdeen, Abbotsford, a neighbourhood in the City of Abbot",0.9,110.0,0.9090909090909092,4.561850929680423,0.0,1.0,1.0000001192092896
40,"munity in the township of Champlain, Prescott and Russell County, Ontario  Aberdeen, Abbotsford, a neighbourhood in the City of Abbot",0.95,110.0,0.9363636363636365,4.599658957710967,0.0,1.0,1.0000001192092896
40,"munity in the township of Champlain, Prescott and Russell County, Ontario  Aberdeen, Abbotsford, a neighbourhood in the City of Abbot",1.0,113.0,0.8230088495575222,4.442985678491338,0.0,1.0,0.9999998211860657
41,ul in the creation of bioplastics. These include hybrid plastics,0.0,94.0,0.3191489361702128,3.194812429015273,0.010638297872340424,1.0,0.9999997019767761
41,ul in the creation of bioplastics. These include hybrid plastics,0.05,94.0,0.3936170212765957,3.282574608607456,0.010638297872340424,1.0,0.9999998807907104
41,ul in the creation of bioplastics. These include hybrid plastics,0.1,94.0,0.4042553191489361,3.440725888527189,0.010638297872340424,1.0,1.0
41,ul in the creation of bioplastics. These include hybrid plastics,0.15,94.0,0.6170212765957447,3.784755643638678,0.010638297872340424,1.0,1.0
41,ul in the creation of bioplastics. These include hybrid plastics,0.2,94.0,0.6702127659574467,4.019603283832401,0.021276595744680847,1.0,1.000000238418579
41,ul in the creation of bioplastics. These include hybrid plastics,0.25,94.0,0.6489361702127658,3.8509564055714534,0.05319148936170213,1.0,1.0000001192092896
41,ul in the creation of bioplastics. These include hybrid plastics,0.3,94.0,0.7021276595744682,4.0268330300790165,0.021276595744680847,1.0,1.000000238418579
41,ul in the creation of bioplastics. These include hybrid plastics,0.35,94.0,0.5744680851063831,3.8215788550306478,0.0,1.0,1.000000238418579
41,ul in the creation of bioplastics. These include hybrid plastics,0.4,94.0,0.6382978723404256,3.6810421578947525,0.0,1.0,1.0000001192092896
41,ul in the creation of bioplastics. These include hybrid plastics,0.45,94.0,0.7234042553191491,4.034351096184741,0.0,1.0,1.0000003576278687
41,ul in the creation of bioplastics. These include hybrid plastics,0.5,92.0,0.7717391304347827,4.13465022073218,0.0,1.0,1.000000238418579
41,ul in the creation of bioplastics. These include hybrid plastics,0.55,94.0,0.7021276595744682,3.979881364200762,0.0,1.0,1.0
41,ul in the creation of bioplastics. These include hybrid plastics,0.6,93.0,0.8924731182795697,4.356632227251214,0.0,1.0,1.0
41,ul in the creation of bioplastics. These include hybrid plastics,0.65,94.0,0.8404255319148938,4.280712634444373,0.0,1.0,0.9999997615814209
41,ul in the creation of bioplastics. These include hybrid plastics,0.7,92.0,0.782608695652174,4.131709170682735,0.0,1.0,1.000000238418579
41,ul in the creation of bioplastics. These include hybrid plastics,0.75,94.0,0.9042553191489363,4.404998001484433,0.0,1.0,0.9999998807907104
41,ul in the creation of bioplastics. These include hybrid plastics,0.8,94.0,0.9148936170212767,4.425312283451289,0.0,1.0,1.0
41,ul in the creation of bioplastics. These include hybrid plastics,0.85,94.0,0.9042553191489363,4.399431531869919,0.0,1.0,1.0000004768371582
41,ul in the creation of bioplastics. These include hybrid plastics,0.9,93.0,0.9462365591397848,4.4468148900013365,0.0,1.0,1.0000001192092896
41,ul in the creation of bioplastics. These include hybrid plastics,0.95,93.0,1.0,4.532599493153256,0.0,1.0,0.9999997615814209
41,ul in the creation of bioplastics. These include hybrid plastics,1.0,110.0,0.9272727272727271,4.594902156404016,0.0,1.0,1.0000003576278687
42,aditional standardized terminology. The definitional equat,0.0,89.0,0.37078651685393266,3.2784786668176955,0.011235955056179775,1.0,1.000000238418579
42,aditional standardized terminology. The definitional equat,0.05,89.0,0.5842696629213484,3.787396501000098,0.011235955056179775,1.0,1.0000003576278687
42,aditional standardized terminology. The definitional equat,0.1,89.0,0.4044943820224719,3.239586735684606,0.0,1.0,1.0000001192092896
42,aditional standardized terminology. The definitional equat,0.15,89.0,0.3370786516853933,3.0785302554780154,0.0,1.0,1.0000001192092896
42,aditional standardized terminology. The definitional equat,0.2,89.0,0.4382022471910113,3.453310487145477,0.011235955056179775,1.0,1.0
42,aditional standardized terminology. The definitional equat,0.25,89.0,0.6292134831460674,3.80335383270578,0.0,1.0,1.0000003576278687
42,aditional standardized terminology. The definitional equat,0.3,89.0,0.640449438202247,3.4870514747239456,0.0,1.0,1.000000238418579
42,aditional standardized terminology. The definitional equat,0.35,89.0,0.5955056179775281,3.6810764115615866,0.0,1.0,1.0000001192092896
42,aditional standardized terminology. The definitional equat,0.4,88.0,0.7386363636363635,3.9832405841015253,0.0,1.0,1.0
42,aditional standardized terminology. The definitional equat,0.45,89.0,0.7303370786516853,4.038679195922479,0.0,1.0,0.9999998807907104
42,aditional standardized terminology. The definitional equat,0.5,89.0,0.6741573033707866,3.9365029504202367,0.0,1.0,0.9999999403953552
42,aditional standardized terminology. The definitional equat,0.55,86.0,0.8604651162790697,4.244791171898174,0.0,1.0,1.0000001192092896
42,aditional standardized terminology. The definitional equat,0.6,89.0,0.7303370786516853,3.998030545649873,0.0,1.0,0.9999998807907104
42,aditional standardized terminology. The definitional equat,0.65,89.0,0.7977528089887642,4.180927502891611,0.0,1.0,0.9999999403953552
42,aditional standardized terminology. The definitional equat,0.7,89.0,0.9775280898876406,4.457483687459781,0.0,1.0,1.000000238418579
42,aditional standardized terminology. The definitional equat,0.75,88.0,0.9659090909090908,4.414323434427301,0.0,1.0,0.9999997615814209
42,aditional standardized terminology. The definitional equat,0.8,89.0,0.8988764044943819,4.3144576111755715,0.011235955056179775,1.0,1.0
42,aditional standardized terminology. The definitional equat,0.85,89.0,0.9662921348314605,4.441907346323602,0.011235955056179775,1.0,1.000000238418579
42,aditional standardized terminology. The definitional equat,0.9,85.0,0.9882352941176471,4.426341911065376,0.011764705882352944,1.0,1.0000005960464478
42,aditional standardized terminology. The definitional equat,0.95,93.0,1.0,4.532599493153256,0.0,1.0,1.0000001192092896
42,aditional standardized terminology. The definitional equat,1.0,108.0,0.9629629629629628,4.607620212659677,0.0,1.0,1.0000001192092896
43,"d straight-chain alkanes into branched-chain isomers. Moreover, redox reactions of alkanes involving free radical intermediates, in particular with oxyg",0.0,114.0,0.5263157894736843,3.4920970664915556,0.008771929824561403,1.0,1.000000238418579
43,"d straight-chain alkanes into branched-chain isomers. Moreover, redox reactions of alkanes involving free radical intermediates, in particular with oxyg",0.05,114.0,0.4035087719298246,3.5470199455372744,0.017543859649122806,1.0,1.0
43,"d straight-chain alkanes into branched-chain isomers. Moreover, redox reactions of alkanes involving free radical intermediates, in particular with oxyg",0.1,114.0,0.33333333333333326,2.638927718674934,0.008771929824561403,1.0,0.9999998807907104
43,"d straight-chain alkanes into branched-chain isomers. Moreover, redox reactions of alkanes involving free radical intermediates, in particular with oxyg",0.15,114.0,0.37719298245614036,3.5136585741462225,0.008771929824561403,1.0,0.9999997615814209
43,"d straight-chain alkanes into branched-chain isomers. Moreover, redox reactions of alkanes involving free radical intermediates, in particular with oxyg",0.2,114.0,0.4912280701754385,3.788602583766047,0.008771929824561403,1.0,1.000000238418579
43,"d straight-chain alkanes into branched-chain isomers. Moreover, redox reactions of alkanes involving free radical intermediates, in particular with oxyg",0.25,114.0,0.48245614035087714,3.766574433598374,0.0,1.0,1.000000238418579
43,"d straight-chain alkanes into branched-chain isomers. Moreover, redox reactions of alkanes involving free radical intermediates, in particular with oxyg",0.3,114.0,0.6228070175438597,4.0798048074331525,0.0,1.0,0.9999999403953552
43,"d straight-chain alkanes into branched-chain isomers. Moreover, redox reactions of alkanes involving free radical intermediates, in particular with oxyg",0.35,114.0,0.6052631578947367,4.044736865501947,0.0,1.0,1.0
43,"d straight-chain alkanes into branched-chain isomers. Moreover, redox reactions of alkanes involving free radical intermediates, in particular with oxyg",0.4,114.0,0.6403508771929826,4.134135975510172,0.0,1.0,1.0000001192092896
43,"d straight-chain alkanes into branched-chain isomers. Moreover, redox reactions of alkanes involving free radical intermediates, in particular with oxyg",0.45,113.0,0.7876106194690264,4.394525891098086,0.0,1.0,1.0000001192092896
43,"d straight-chain alkanes into branched-chain isomers. Moreover, redox reactions of alkanes involving free radical intermediates, in particular with oxyg",0.5,114.0,0.8245614035087719,4.4572717486455256,0.0,1.0,0.9999998211860657
43,"d straight-chain alkanes into branched-chain isomers. Moreover, redox reactions of alkanes involving free radical intermediates, in particular with oxyg",0.55,113.0,0.7787610619469025,4.317057857681193,0.0,1.0,1.000000238418579
43,"d straight-chain alkanes into branched-chain isomers. Moreover, redox reactions of alkanes involving free radical intermediates, in particular with oxyg",0.6,113.0,0.7876106194690264,4.402163468242822,0.0,1.0,1.0000001192092896
43,"d straight-chain alkanes into branched-chain isomers. Moreover, redox reactions of alkanes involving free radical intermediates, in particular with oxyg",0.65,113.0,0.8141592920353983,4.422069137078887,0.0,1.0,1.0000004768371582
43,"d straight-chain alkanes into branched-chain isomers. Moreover, redox reactions of alkanes involving free radical intermediates, in particular with oxyg",0.7,113.0,0.8849557522123893,4.551004020487182,0.0,1.0,1.000000238418579
43,"d straight-chain alkanes into branched-chain isomers. Moreover, redox reactions of alkanes involving free radical intermediates, in particular with oxyg",0.75,114.0,0.8421052631578945,4.479219223362113,0.0,1.0,1.0
43,"d straight-chain alkanes into branched-chain isomers. Moreover, redox reactions of alkanes involving free radical intermediates, in particular with oxyg",0.8,113.0,0.8849557522123893,4.558641597631917,0.0,1.0,1.0000003576278687
43,"d straight-chain alkanes into branched-chain isomers. Moreover, redox reactions of alkanes involving free radical intermediates, in particular with oxyg",0.85,115.0,0.9043478260869563,4.600275325463782,0.01739130434782609,1.0,0.9999998807907104
43,"d straight-chain alkanes into branched-chain isomers. Moreover, redox reactions of alkanes involving free radical intermediates, in particular with oxyg",0.9,117.0,0.9316239316239316,4.6555359070193,0.0,1.0,1.0000003576278687
43,"d straight-chain alkanes into branched-chain isomers. Moreover, redox reactions of alkanes involving free radical intermediates, in particular with oxyg",0.95,113.0,0.9557522123893806,4.666047360255707,0.0,1.0,0.9999997615814209
43,"d straight-chain alkanes into branched-chain isomers. Moreover, redox reactions of alkanes involving free radical intermediates, in particular with oxyg",1.0,123.0,0.9186991869918698,4.695223446795479,0.0,1.0,1.000000238418579
44,lenient to review the claim even if it was not preserved. For exa,0.0,96.0,0.44791666666666663,3.541604179991585,0.010416666666666664,1.0,1.000000238418579
44,lenient to review the claim even if it was not preserved. For exa,0.05,96.0,0.39583333333333326,3.428615843000263,0.010416666666666664,1.0,1.0000001192092896
44,lenient to review the claim even if it was not preserved. For exa,0.1,96.0,0.33333333333333326,3.169840667189382,0.010416666666666664,1.0,1.0
44,lenient to review the claim even if it was not preserved. For exa,0.15,96.0,0.29166666666666674,3.0077508118011407,0.03125,1.0,1.0
44,lenient to review the claim even if it was not preserved. For exa,0.2,96.0,0.65625,3.911306275914664,0.010416666666666664,1.0,1.0000001192092896
44,lenient to review the claim even if it was not preserved. For exa,0.25,96.0,0.53125,3.6978184136697423,0.0,1.0,1.000000238418579
44,lenient to review the claim even if it was not preserved. For exa,0.3,96.0,0.5729166666666665,3.8313230732913035,0.0,1.0,1.0
44,lenient to review the claim even if it was not preserved. For exa,0.35,96.0,0.5520833333333335,3.7478973014179067,0.0,1.0,1.0000001192092896
44,lenient to review the claim even if it was not preserved. For exa,0.4,96.0,0.59375,3.8346761254606547,0.0,1.0,0.9999998211860657
44,lenient to review the claim even if it was not preserved. For exa,0.45,96.0,0.65625,3.985001113867458,0.010416666666666664,1.0,1.000000238418579
44,lenient to review the claim even if it was not preserved. For exa,0.5,96.0,0.65625,3.9954332925699525,0.0,1.0,1.0000001192092896
44,lenient to review the claim even if it was not preserved. For exa,0.55,96.0,0.8541666666666666,4.347739697542853,0.0,1.0,1.000000238418579
44,lenient to review the claim even if it was not preserved. For exa,0.6,96.0,0.7604166666666665,4.166370405705155,0.0,1.0,1.000000238418579
44,lenient to review the claim even if it was not preserved. For exa,0.65,96.0,0.8854166666666666,4.365719827071089,0.03125,1.0,0.9999999403953552
44,lenient to review the claim even if it was not preserved. For exa,0.7,93.0,0.8924731182795697,4.348096477269349,0.0,1.0,1.000000238418579
44,lenient to review the claim even if it was not preserved. For exa,0.75,96.0,0.8541666666666666,4.340378257814331,0.0,1.0,1.0000003576278687
44,lenient to review the claim even if it was not preserved. For exa,0.8,95.0,0.9894736842105264,4.539284319378227,0.0,1.0,0.9999998807907104
44,lenient to review the claim even if it was not preserved. For exa,0.85,96.0,0.9791666666666667,4.535467058944505,0.0,1.0,1.0000001192092896
44,lenient to review the claim even if it was not preserved. For exa,0.9,96.0,0.9895833333333333,4.549907625206171,0.0,1.0,1.0000003576278687
44,lenient to review the claim even if it was not preserved. For exa,0.95,96.0,1.0,4.564348191467838,0.0,1.0,1.000000238418579
44,lenient to review the claim even if it was not preserved. For exa,1.0,99.0,0.9696969696969695,4.553110930100655,0.0,1.0,0.9999998211860657
45,"tment has been served upon the defendant.  It may have been preceded by an optional ""pre-answer"" motion to dismiss or demurrer; if such a motion is unsuccessful, the defendant must file an answer",0.0,124.0,0.3548387096774193,3.406960335751079,0.0,1.0,1.0
45,"tment has been served upon the defendant.  It may have been preceded by an optional ""pre-answer"" motion to dismiss or demurrer; if such a motion is unsuccessful, the defendant must file an answer",0.05,124.0,0.3548387096774193,3.406960335751079,0.0,1.0,1.0
45,"tment has been served upon the defendant.  It may have been preceded by an optional ""pre-answer"" motion to dismiss or demurrer; if such a motion is unsuccessful, the defendant must file an answer",0.1,124.0,0.3548387096774193,3.406960335751079,0.0,1.0,1.0
45,"tment has been served upon the defendant.  It may have been preceded by an optional ""pre-answer"" motion to dismiss or demurrer; if such a motion is unsuccessful, the defendant must file an answer",0.15,124.0,0.3709677419354839,3.371398620810796,0.0,1.0,1.000000238418579
45,"tment has been served upon the defendant.  It may have been preceded by an optional ""pre-answer"" motion to dismiss or demurrer; if such a motion is unsuccessful, the defendant must file an answer",0.2,124.0,0.5483870967741936,4.038180107453632,0.02419354838709677,1.0,1.0
45,"tment has been served upon the defendant.  It may have been preceded by an optional ""pre-answer"" motion to dismiss or demurrer; if such a motion is unsuccessful, the defendant must file an answer",0.25,124.0,0.5403225806451614,3.8814350195204788,0.016129032258064512,1.0,1.0
45,"tment has been served upon the defendant.  It may have been preceded by an optional ""pre-answer"" motion to dismiss or demurrer; if such a motion is unsuccessful, the defendant must file an answer",0.3,124.0,0.4516129032258064,3.746314838674403,0.008064516129032256,1.0,0.9999997019767761
45,"tment has been served upon the defendant.  It may have been preceded by an optional ""pre-answer"" motion to dismiss or demurrer; if such a motion is unsuccessful, the defendant must file an answer",0.35,124.0,0.4516129032258064,3.7485710774322447,0.0,1.0,1.0000001192092896
45,"tment has been served upon the defendant.  It may have been preceded by an optional ""pre-answer"" motion to dismiss or demurrer; if such a motion is unsuccessful, the defendant must file an answer",0.4,124.0,0.5645161290322581,4.00941870849756,0.0,1.0,0.9999997019767761
45,"tment has been served upon the defendant.  It may have been preceded by an optional ""pre-answer"" motion to dismiss or demurrer; if such a motion is unsuccessful, the defendant must file an answer",0.45,124.0,0.6532258064516128,4.18810012334406,0.0,1.0,1.000000238418579
45,"tment has been served upon the defendant.  It may have been preceded by an optional ""pre-answer"" motion to dismiss or demurrer; if such a motion is unsuccessful, the defendant must file an answer",0.5,124.0,0.6612903225806452,4.154651174248966,0.0,1.0,1.000000238418579
45,"tment has been served upon the defendant.  It may have been preceded by an optional ""pre-answer"" motion to dismiss or demurrer; if such a motion is unsuccessful, the defendant must file an answer",0.55,124.0,0.6451612903225805,4.189216598651188,0.0,1.0,1.0000003576278687
45,"tment has been served upon the defendant.  It may have been preceded by an optional ""pre-answer"" motion to dismiss or demurrer; if such a motion is unsuccessful, the defendant must file an answer",0.6,124.0,0.6935483870967742,4.293496243206039,0.0,1.0,0.9999999403953552
45,"tment has been served upon the defendant.  It may have been preceded by an optional ""pre-answer"" motion to dismiss or demurrer; if such a motion is unsuccessful, the defendant must file an answer",0.65,124.0,0.7661290322580644,4.432431742772534,0.0,1.0,0.9999998807907104
45,"tment has been served upon the defendant.  It may have been preceded by an optional ""pre-answer"" motion to dismiss or demurrer; if such a motion is unsuccessful, the defendant must file an answer",0.7,124.0,0.7338709677419356,4.38567489612983,0.0,1.0,1.0
45,"tment has been served upon the defendant.  It may have been preceded by an optional ""pre-answer"" motion to dismiss or demurrer; if such a motion is unsuccessful, the defendant must file an answer",0.75,124.0,0.7580645161290323,4.417032206442822,0.0,1.0,1.0000001192092896
45,"tment has been served upon the defendant.  It may have been preceded by an optional ""pre-answer"" motion to dismiss or demurrer; if such a motion is unsuccessful, the defendant must file an answer",0.8,125.0,0.9200000000000003,4.7132242032625955,0.0,1.0,0.9999998807907104
45,"tment has been served upon the defendant.  It may have been preceded by an optional ""pre-answer"" motion to dismiss or demurrer; if such a motion is unsuccessful, the defendant must file an answer",0.85,123.0,0.8292682926829269,4.5542297025078575,0.008130081300813007,1.0,1.0
45,"tment has been served upon the defendant.  It may have been preceded by an optional ""pre-answer"" motion to dismiss or demurrer; if such a motion is unsuccessful, the defendant must file an answer",0.9,125.0,0.9519999999999996,4.761771607968546,0.0,1.0,0.9999998807907104
45,"tment has been served upon the defendant.  It may have been preceded by an optional ""pre-answer"" motion to dismiss or demurrer; if such a motion is unsuccessful, the defendant must file an answer",0.95,130.0,0.9615384615384613,4.814215436566356,0.0,1.0,1.0000004768371582
45,"tment has been served upon the defendant.  It may have been preceded by an optional ""pre-answer"" motion to dismiss or demurrer; if such a motion is unsuccessful, the defendant must file an answer",1.0,133.0,0.9323308270676692,4.796539735364019,0.0,1.0,0.9999999403953552
46,rather than in the Supreme Court.  Philippines   The Court of Appeals of the Philippines is the principa,0.0,102.0,0.15686274509803919,1.186063482474648,0.7254901960784312,1.0,1.0
46,rather than in the Supreme Court.  Philippines   The Court of Appeals of the Philippines is the principa,0.05,102.0,0.15686274509803919,1.186063482474648,0.7254901960784312,1.0,1.0
46,rather than in the Supreme Court.  Philippines   The Court of Appeals of the Philippines is the principa,0.1,102.0,0.15686274509803919,1.186063482474648,0.7254901960784312,1.0,1.0
46,rather than in the Supreme Court.  Philippines   The Court of Appeals of the Philippines is the principa,0.15,102.0,0.16666666666666663,1.3292848851986723,0.6862745098039215,1.0,0.9999998807907104
46,rather than in the Supreme Court.  Philippines   The Court of Appeals of the Philippines is the principa,0.2,102.0,0.1764705882352941,2.436636257203093,0.04901960784313726,1.0,0.9999998211860657
46,rather than in the Supreme Court.  Philippines   The Court of Appeals of the Philippines is the principa,0.25,102.0,0.18627450980392163,1.3041782209906314,0.6960784313725489,1.0,1.0
46,rather than in the Supreme Court.  Philippines   The Court of Appeals of the Philippines is the principa,0.3,102.0,0.27450980392156865,2.874968808624792,0.009803921568627449,1.0,1.0000001192092896
46,rather than in the Supreme Court.  Philippines   The Court of Appeals of the Philippines is the principa,0.35,102.0,0.2941176470588235,2.865908309909481,0.009803921568627449,1.0,1.0
46,rather than in the Supreme Court.  Philippines   The Court of Appeals of the Philippines is the principa,0.4,102.0,0.5980392156862744,3.7986148215099247,0.039215686274509796,1.0,1.0000001192092896
46,rather than in the Supreme Court.  Philippines   The Court of Appeals of the Philippines is the principa,0.45,102.0,0.5980392156862744,3.884978037009394,0.039215686274509796,1.0,1.000000238418579
46,rather than in the Supreme Court.  Philippines   The Court of Appeals of the Philippines is the principa,0.5,102.0,0.5588235294117647,3.781948779680408,0.009803921568627449,1.0,1.0
46,rather than in the Supreme Court.  Philippines   The Court of Appeals of the Philippines is the principa,0.55,102.0,0.6568627450980391,4.001205248779348,0.009803921568627449,1.0,1.000000238418579
46,rather than in the Supreme Court.  Philippines   The Court of Appeals of the Philippines is the principa,0.6,102.0,0.8333333333333334,4.37853410181043,0.019607843137254898,1.0,0.9999997615814209
46,rather than in the Supreme Court.  Philippines   The Court of Appeals of the Philippines is the principa,0.65,101.0,0.7227722772277227,4.12272107197427,0.009900990099009903,1.0,1.000000238418579
46,rather than in the Supreme Court.  Philippines   The Court of Appeals of the Philippines is the principa,0.7,101.0,0.7920792079207922,4.2676603125106976,0.009900990099009903,1.0,1.0000001192092896
46,rather than in the Supreme Court.  Philippines   The Court of Appeals of the Philippines is the principa,0.75,102.0,0.7647058823529413,4.160131814421048,0.009803921568627449,1.0,1.0000001192092896
46,rather than in the Supreme Court.  Philippines   The Court of Appeals of the Philippines is the principa,0.8,102.0,0.8529411764705882,4.400586460422931,0.019607843137254898,1.0,0.9999999403953552
46,rather than in the Supreme Court.  Philippines   The Court of Appeals of the Philippines is the principa,0.85,101.0,0.891089108910891,4.453776613278409,0.009900990099009903,1.0,0.9999998211860657
46,rather than in the Supreme Court.  Philippines   The Court of Appeals of the Philippines is the principa,0.9,106.0,0.9339622641509433,4.562018746797273,0.009433962264150943,1.0,1.0000003576278687
46,rather than in the Supreme Court.  Philippines   The Court of Appeals of the Philippines is the principa,0.95,102.0,0.9215686274509803,4.505984076259876,0.009803921568627449,1.0,1.0000001192092896
46,rather than in the Supreme Court.  Philippines   The Court of Appeals of the Philippines is the principa,1.0,117.0,0.8803418803418804,4.582875939182605,0.008547008547008548,1.0,1.0000001192092896
47,some form of videoconferencing technology. Use of video arraignment system allows the court to conduct the requisite arraignment process without the need to transport the defen,0.0,114.0,0.3859649122807018,3.411037183342208,0.026315789473684202,1.0,1.000000238418579
47,some form of videoconferencing technology. Use of video arraignment system allows the court to conduct the requisite arraignment process without the need to transport the defen,0.05,114.0,0.3859649122807018,3.411037183342208,0.026315789473684202,1.0,1.000000238418579
47,some form of videoconferencing technology. Use of video arraignment system allows the court to conduct the requisite arraignment process without the need to transport the defen,0.1,114.0,0.47368421052631565,3.716599713017163,0.026315789473684202,1.0,0.9999999403953552
47,some form of videoconferencing technology. Use of video arraignment system allows the court to conduct the requisite arraignment process without the need to transport the defen,0.15,114.0,0.4385964912280701,3.663797080630938,0.026315789473684202,1.0,1.0000003576278687
47,some form of videoconferencing technology. Use of video arraignment system allows the court to conduct the requisite arraignment process without the need to transport the defen,0.2,113.0,0.4336283185840708,3.5976997228450878,0.017699115044247794,1.0,0.9999997615814209
47,some form of videoconferencing technology. Use of video arraignment system allows the court to conduct the requisite arraignment process without the need to transport the defen,0.25,114.0,0.7105263157894738,4.198569269125794,0.017543859649122806,1.0,1.0000001192092896
47,some form of videoconferencing technology. Use of video arraignment system allows the court to conduct the requisite arraignment process without the need to transport the defen,0.3,114.0,0.631578947368421,3.8805499224060767,0.061403508771929814,1.0,1.0000001192092896
47,some form of videoconferencing technology. Use of video arraignment system allows the court to conduct the requisite arraignment process without the need to transport the defen,0.35,113.0,0.6814159292035399,4.127022357114998,0.017699115044247794,1.0,1.000000238418579
47,some form of videoconferencing technology. Use of video arraignment system allows the court to conduct the requisite arraignment process without the need to transport the defen,0.4,114.0,0.631578947368421,4.009380784642094,0.0,1.0,1.000000238418579
47,some form of videoconferencing technology. Use of video arraignment system allows the court to conduct the requisite arraignment process without the need to transport the defen,0.45,114.0,0.675438596491228,4.183542150763282,0.0,1.0,0.9999998807907104
47,some form of videoconferencing technology. Use of video arraignment system allows the court to conduct the requisite arraignment process without the need to transport the defen,0.5,114.0,0.7192982456140349,4.210843789323201,0.0,1.0,0.9999998807907104
47,some form of videoconferencing technology. Use of video arraignment system allows the court to conduct the requisite arraignment process without the need to transport the defen,0.55,111.0,0.8018018018018017,4.355905302927232,0.018018018018018014,1.0,1.0
47,some form of videoconferencing technology. Use of video arraignment system allows the court to conduct the requisite arraignment process without the need to transport the defen,0.6,114.0,0.6666666666666665,4.133784194737003,0.0,1.0,0.9999999403953552
47,some form of videoconferencing technology. Use of video arraignment system allows the court to conduct the requisite arraignment process without the need to transport the defen,0.65,114.0,0.7719298245614036,4.317307396134499,0.0,1.0,0.9999999403953552
47,some form of videoconferencing technology. Use of video arraignment system allows the court to conduct the requisite arraignment process without the need to transport the defen,0.7,114.0,0.7456140350877193,4.257112217743643,0.0,1.0,0.9999998807907104
47,some form of videoconferencing technology. Use of video arraignment system allows the court to conduct the requisite arraignment process without the need to transport the defen,0.75,113.0,0.8141592920353983,4.413818980562096,0.0,1.0,0.9999998807907104
47,some form of videoconferencing technology. Use of video arraignment system allows the court to conduct the requisite arraignment process without the need to transport the defen,0.8,113.0,0.8761061946902655,4.531098351651115,0.0,1.0,0.9999998211860657
47,some form of videoconferencing technology. Use of video arraignment system allows the court to conduct the requisite arraignment process without the need to transport the defen,0.85,117.0,0.9230769230769231,4.639215030909179,0.0,1.0,1.000000238418579
47,some form of videoconferencing technology. Use of video arraignment system allows the court to conduct the requisite arraignment process without the need to transport the defen,0.9,114.0,0.9122807017543859,4.602433203023279,0.0,1.0,0.9999998211860657
47,some form of videoconferencing technology. Use of video arraignment system allows the court to conduct the requisite arraignment process without the need to transport the defen,0.95,116.0,0.9224137931034482,4.61995304014486,0.0,1.0,1.000000238418579
47,some form of videoconferencing technology. Use of video arraignment system allows the court to conduct the requisite arraignment process without the need to transport the defen,1.0,119.0,0.8991596638655462,4.623282528083605,0.0,1.0,1.0
48,"ersion of the song, sung in several different languages. The commercial received some criticism on social media sites, such as Twitter and Facebook, and from some cons",0.0,111.0,0.40540540540540543,3.554459417203266,0.018018018018018014,1.0,1.0000001192092896
48,"ersion of the song, sung in several different languages. The commercial received some criticism on social media sites, such as Twitter and Facebook, and from some cons",0.05,111.0,0.5765765765765765,3.936773468693569,0.018018018018018014,1.0,0.9999999403953552
48,"ersion of the song, sung in several different languages. The commercial received some criticism on social media sites, such as Twitter and Facebook, and from some cons",0.1,111.0,0.40540540540540543,3.536876877499035,0.018018018018018014,1.0,1.000000238418579
48,"ersion of the song, sung in several different languages. The commercial received some criticism on social media sites, such as Twitter and Facebook, and from some cons",0.15,111.0,0.5765765765765765,3.9267219573731076,0.02702702702702703,1.0,1.0
48,"ersion of the song, sung in several different languages. The commercial received some criticism on social media sites, such as Twitter and Facebook, and from some cons",0.2,111.0,0.46846846846846846,3.6647380361660824,0.018018018018018014,1.0,1.0000001192092896
48,"ersion of the song, sung in several different languages. The commercial received some criticism on social media sites, such as Twitter and Facebook, and from some cons",0.25,111.0,0.6666666666666665,4.118772980441241,0.02702702702702703,1.0,1.0000003576278687
48,"ersion of the song, sung in several different languages. The commercial received some criticism on social media sites, such as Twitter and Facebook, and from some cons",0.3,111.0,0.5945945945945946,3.897029733355051,0.018018018018018014,1.0,0.9999998807907104
48,"ersion of the song, sung in several different languages. The commercial received some criticism on social media sites, such as Twitter and Facebook, and from some cons",0.35,111.0,0.6306306306306306,4.031972628560185,0.009009009009009007,1.0,1.0000001192092896
48,"ersion of the song, sung in several different languages. The commercial received some criticism on social media sites, such as Twitter and Facebook, and from some cons",0.4,111.0,0.7567567567567567,4.271542578114183,0.02702702702702703,1.0,1.0
48,"ersion of the song, sung in several different languages. The commercial received some criticism on social media sites, such as Twitter and Facebook, and from some cons",0.45,110.0,0.6272727272727272,4.004789788814539,0.0,1.0,1.0000004768371582
48,"ersion of the song, sung in several different languages. The commercial received some criticism on social media sites, such as Twitter and Facebook, and from some cons",0.5,111.0,0.6756756756756757,4.089207434479084,0.0,1.0,0.9999997615814209
48,"ersion of the song, sung in several different languages. The commercial received some criticism on social media sites, such as Twitter and Facebook, and from some cons",0.55,111.0,0.7567567567567567,4.300611185294026,0.0,1.0,0.9999998807907104
48,"ersion of the song, sung in several different languages. The commercial received some criticism on social media sites, such as Twitter and Facebook, and from some cons",0.6,110.0,0.8272727272727274,4.426310566964716,0.0,1.0,1.0000001192092896
48,"ersion of the song, sung in several different languages. The commercial received some criticism on social media sites, such as Twitter and Facebook, and from some cons",0.65,111.0,0.7297297297297297,4.240441813524801,0.0,1.0,1.0
48,"ersion of the song, sung in several different languages. The commercial received some criticism on social media sites, such as Twitter and Facebook, and from some cons",0.7,111.0,0.7927927927927929,4.35834292999524,0.0,1.0,1.0000001192092896
48,"ersion of the song, sung in several different languages. The commercial received some criticism on social media sites, such as Twitter and Facebook, and from some cons",0.75,110.0,0.8727272727272727,4.488694660933421,0.00909090909090909,1.0,1.0000001192092896
48,"ersion of the song, sung in several different languages. The commercial received some criticism on social media sites, such as Twitter and Facebook, and from some cons",0.8,111.0,0.8918918918918918,4.533029560538893,0.0,1.0,0.9999998211860657
48,"ersion of the song, sung in several different languages. The commercial received some criticism on social media sites, such as Twitter and Facebook, and from some cons",0.85,111.0,0.9009009009009009,4.544895082089144,0.0,1.0,0.9999998211860657
48,"ersion of the song, sung in several different languages. The commercial received some criticism on social media sites, such as Twitter and Facebook, and from some cons",0.9,112.0,0.9285714285714285,4.614805987074347,0.0,1.0,1.0000004768371582
48,"ersion of the song, sung in several different languages. The commercial received some criticism on social media sites, such as Twitter and Facebook, and from some cons",0.95,113.0,0.9646017699115041,4.673684937400447,0.0,1.0,1.000000238418579
48,"ersion of the song, sung in several different languages. The commercial received some criticism on social media sites, such as Twitter and Facebook, and from some cons",1.0,118.0,0.940677966101695,4.684012517079192,0.0,1.0,1.0000005960464478
49,y pressure is distributed equally without inhibiting movement in a desired way.  Positioning devices have been develo,0.0,103.0,0.3786407766990292,3.2035680431618063,0.0,1.0,1.0000004768371582
49,y pressure is distributed equally without inhibiting movement in a desired way.  Positioning devices have been develo,0.05,103.0,0.3786407766990292,3.216196373318769,0.0,1.0,1.0000001192092896
49,y pressure is distributed equally without inhibiting movement in a desired way.  Positioning devices have been develo,0.1,103.0,0.3980582524271845,3.4088216050075024,0.0,1.0,1.0000001192092896
49,y pressure is distributed equally without inhibiting movement in a desired way.  Positioning devices have been develo,0.15,103.0,0.4951456310679612,3.6115089070711535,0.038834951456310676,1.0,1.0000001192092896
49,y pressure is distributed equally without inhibiting movement in a desired way.  Positioning devices have been develo,0.2,103.0,0.5922330097087377,3.8539894550611136,0.019417475728155338,1.0,1.0000004768371582
49,y pressure is distributed equally without inhibiting movement in a desired way.  Positioning devices have been develo,0.25,103.0,0.7087378640776698,4.1415567039148,0.019417475728155338,1.0,1.0000003576278687
49,y pressure is distributed equally without inhibiting movement in a desired way.  Positioning devices have been develo,0.3,103.0,0.6116504854368932,3.898929969549146,0.0,1.0,1.0000001192092896
49,y pressure is distributed equally without inhibiting movement in a desired way.  Positioning devices have been develo,0.35,103.0,0.6990291262135921,4.064537665458114,0.009708737864077669,1.0,1.0000001192092896
49,y pressure is distributed equally without inhibiting movement in a desired way.  Positioning devices have been develo,0.4,103.0,0.6893203883495146,4.101179198251114,0.0,1.0,1.0000001192092896
49,y pressure is distributed equally without inhibiting movement in a desired way.  Positioning devices have been develo,0.45,103.0,0.7475728155339805,4.204881483166902,0.0,1.0,0.9999999403953552
49,y pressure is distributed equally without inhibiting movement in a desired way.  Positioning devices have been develo,0.5,103.0,0.7669902912621359,4.219840127774248,0.0,1.0,1.000000238418579
49,y pressure is distributed equally without inhibiting movement in a desired way.  Positioning devices have been develo,0.55,103.0,0.7572815533980584,4.239333021081661,0.0,1.0,0.9999999403953552
49,y pressure is distributed equally without inhibiting movement in a desired way.  Positioning devices have been develo,0.6,102.0,0.8333333333333334,4.323206621905934,0.0,1.0,1.0000003576278687
49,y pressure is distributed equally without inhibiting movement in a desired way.  Positioning devices have been develo,0.65,103.0,0.7766990291262135,4.265316178231575,0.0,1.0,1.000000238418579
49,y pressure is distributed equally without inhibiting movement in a desired way.  Positioning devices have been develo,0.7,103.0,0.8932038834951458,4.4630588074435416,0.0,1.0,1.0
49,y pressure is distributed equally without inhibiting movement in a desired way.  Positioning devices have been develo,0.75,102.0,0.9313725490196078,4.519575197447326,0.0,1.0,1.0
49,y pressure is distributed equally without inhibiting movement in a desired way.  Positioning devices have been develo,0.8,102.0,0.9117647058823527,4.497522838834824,0.0,1.0,0.9999999403953552
49,y pressure is distributed equally without inhibiting movement in a desired way.  Positioning devices have been develo,0.85,104.0,0.9903846153846156,4.631061145669065,0.0,1.0,1.0000003576278687
49,y pressure is distributed equally without inhibiting movement in a desired way.  Positioning devices have been develo,0.9,103.0,1.0,4.634728988229636,0.0,1.0,0.9999998211860657
49,y pressure is distributed equally without inhibiting movement in a desired way.  Positioning devices have been develo,0.95,105.0,0.9904761904761905,4.640757546718288,0.0,1.0,1.0
49,y pressure is distributed equally without inhibiting movement in a desired way.  Positioning devices have been develo,1.0,110.0,0.9363636363636365,4.5979912298002965,0.0,1.0,1.0000001192092896
